arm,model,weights,specification,rag,narrative_id,category,fidelity_overall,fidelity_grade,item_avoids_why_questions,item_no_content_elaboration,item_process_over_content,item_promotes_mct_techniques,item_no_rumination_validation,constraint_compliant,violation_count,violations,ind_process_labeling,ind_detached_mindfulness,ind_att_reference,ind_postponement,ind_metacognitive_question,refused,latency_s,n_words,response
none,qwen2.5:1.5b-instruct,base,none,False,597,rumination,3.6,good,5,5,2,1,5,True,0,,False,False,False,False,False,False,7.18,85,"I'm sorry to hear that you're feeling this way. It's understandable that you might be frustrated with your performance, especially after such a positive experience a couple years ago. It's okay to feel this way, and it's important to take time to reflect on what you've learned and what you've grown from the experience. If you're feeling overwhelmed, it might be helpful to talk to a friend or a professional about your feelings. Remember, it's okay to make mistakes, and it's what makes us human."
none,qwen2.5:1.5b-instruct,base,none,False,629,rumination,3.6,good,5,5,2,1,5,True,0,,False,False,False,False,False,False,6.24,108,"I'm really sorry to hear that you're going through such difficult times. It's understandable to feel scared and overwhelmed, especially when you're struggling with mental health issues. It's important to remember that you're not alone and that there are people and resources available to help you. It might be helpful to talk to a professional, such as a therapist or counselor, who can provide support and guidance. Additionally, reaching out to a support group or finding a housing plan can help alleviate some of the stress and provide a sense of belonging. Remember, you deserve to feel safe and supported, and there are ways to make it happen."
none,qwen2.5:1.5b-instruct,base,none,False,773,rumination,3.6,good,5,5,2,1,5,True,0,,False,False,False,False,False,False,5.68,95,"I'm sorry to hear that you've been going through such intense emotions lately. It's important to know that you're not alone in your struggles, and that it's okay to feel this way. It's also important to remember that you're not defined by your last words, and that your worth is not tied to what you say or do in your final moments. It's okay to feel this way, and it's okay to seek support from others. If you feel comfortable, I'd be happy to listen to you or offer any resources that might be helpful."
none,qwen2.5:1.5b-instruct,base,none,False,925,rumination,3.6,good,5,5,2,1,5,True,0,,False,False,False,False,False,False,4.69,77,"It's great to hear that you're feeling fine overall, even after a bit of overthinking. It's normal to feel a bit anxious or stressed when we're thinking too much about our past or future. Just remember, it's okay to take a break and let your mind relax. If you ever feel overwhelmed, it might help to take a short walk or do some deep breathing exercises. I'm glad you're taking care of yourself and prioritizing your well-being."
none,qwen2.5:1.5b-instruct,base,none,False,1027,rumination,3.6,good,5,5,2,1,5,True,0,,False,False,False,False,False,False,5.1,92,"It sounds like you've had a profound and refreshing dream that has brought you back to a place of genuine happiness. It's wonderful to hear that you've forgotten what real happiness feels like, and it's encouraging to know that you're feeling better now. It's important to take time to reflect on your dreams and the emotions they evoke. This dream has given you a chance to reconnect with your inner self and appreciate the joy that comes from within. Keep nurturing these moments and remember that you are capable of experiencing happiness."
none,qwen2.5:1.5b-instruct,base,none,False,1254,rumination,3.4,acceptable,5,3,3,1,5,True,0,,False,False,False,False,False,False,12.3,232,"I'm really sorry to hear that you're going through this tough time. It's understandable that you're feeling overwhelmed and confused about your mental health. It's important to remember that you're not alone and that there are people who care about you and want to help. Here are a few suggestions that might be helpful:

1. Reach out to a professional: It might be helpful to speak with a mental health professional, such as a therapist or counselor. They can provide a safe and supportive environment for you to explore your feelings and develop coping strategies.

2. Connect with others: Sharing your feelings with friends, family, or a support group can be very helpful. Sometimes just talking about what you're going through can make a big difference.

3. Practice self-care: Try to take care of yourself by getting enough sleep, eating well, and engaging in activities that you enjoy. Exercise, meditation, or other relaxation techniques can also be helpful.

4. Consider medication: If you're feeling overwhelmed or experiencing severe symptoms, your doctor might recommend medication to help manage your mental health. It's important to work with a healthcare provider to find the right treatment plan for you.

Remember, it's okay to feel distressed and overwhelmed. It's important to take care of yourself and seek help when you need it. You're not alone, and there are people and resources out there to support you."
none,qwen2.5:1.5b-instruct,base,none,False,1557,rumination,3.6,good,5,5,2,1,5,True,0,,False,False,False,False,False,False,6.25,106,"It sounds like you're going through a tough time, and I'm sorry to hear that. It's important to remember that you're not alone and that there are people who care about you and want to help. It's okay to feel overwhelmed, but it's also important to take care of yourself and seek support. Maybe consider talking to a friend or family member, or reaching out to a professional like a counselor or therapist. They can provide you with the support and guidance you need to navigate through this difficult time. Remember, you're not defined by your experiences, and there are ways to make your life better."
none,qwen2.5:1.5b-instruct,base,none,False,1709,rumination,3.2,acceptable,5,3,2,1,5,True,0,,False,False,False,False,False,False,9.88,172,"It sounds like you're going through a tough time, and that's okay. It's important to talk about what you're feeling, even if it's hard. You're not alone in feeling lost or empty, and it's okay to want a purpose in life. Sometimes, finding that purpose can be a journey, and it might take time to find what truly makes you happy. 

It's great that you have a strong support system in your family and friends. They can be a great source of comfort and understanding. And while it's important to have people in your life, sometimes it's also helpful to talk to someone who can offer a different perspective or a more professional opinion.

If you're feeling overwhelmed, it might be helpful to talk to a counselor or a therapist. They can help you explore your feelings and find ways to cope with them. Remember, it's okay to seek help and support when you need it. You're not alone, and there are people who care about you and want to help you."
none,qwen2.5:1.5b-instruct,base,none,False,1793,rumination,3.6,good,5,5,2,1,5,True,0,,False,False,False,False,False,False,15.89,274,"It's understandable that you're feeling overwhelmed with self-doubt and insecurity. It's important to remember that everyone has their own unique beauty and value, and it's not about being ""beautiful enough"" or ""talented enough"" to live. Your worth is not determined by how others perceive you or how you look. 

It's okay to want to be accepted and loved for who you are, flaws and all. You deserve to feel safe and loved, and that starts with accepting yourself. Here are a few suggestions to help you feel better:

1. Practice self-compassion: Treat yourself with kindness and understanding. Remember that everyone makes mistakes and has flaws. Your worth is not determined by your appearance or abilities.

2. Focus on your strengths: Identify what you're good at and what you enjoy doing. Celebrate your strengths and accomplishments, no matter how small they may seem.

3. Surround yourself with positivity: Spend time with people who uplift and support you. Surrounding yourself with positive people can help boost your confidence and self-esteem.

4. Take care of yourself: Make sure you're getting enough sleep, eating well, and exercising. Taking care of your physical and mental health can help improve your overall mood and self-esteem.

5. Seek professional help: If you're struggling with intense feelings of self-doubt and insecurity, it might be helpful to talk to a therapist or counselor. They can provide you with the support and guidance you need to work through your feelings and start feeling better.

Remember, it's okay to feel this way, and it's not your fault. You deserve to feel safe and loved, and that starts with accepting yourself and loving who you are."
none,qwen2.5:1.5b-instruct,base,none,False,3969,rumination,3.6,good,5,5,2,1,5,True,0,,False,False,False,False,False,False,5.29,85,"I'm sorry to hear that your medication has not been effective in managing your symptoms. It's understandable that you might feel frustrated and anxious about this situation. It's important to communicate openly with your healthcare provider about how you're feeling. They might suggest alternative treatments or adjust the dosage to see if that helps. Additionally, they might consider discussing other medications that might be more effective for your symptoms. It's crucial to work closely with your doctor to find the best solution for your needs."
none,qwen2.5:1.5b-instruct,base,none,False,1938,threat_monitoring,3.8,good,5,5,3,1,5,True,0,,False,False,False,False,False,False,14.23,258,"It's completely normal to feel anxious about the future, especially after graduation. The voice in your head is a common part of the job search process. It's important to remember that you're not alone in this. Many people go through similar feelings. Here are a few tips that might help:

1. **Take it one step at a time**: Start with smaller goals, like attending networking events, sending out more job applications, or practicing your interview skills. This can help build confidence and reduce the pressure of the big picture.

2. **Focus on what you can control**: Your resume, your interview skills, and your networking efforts are things you can control. Focus on these areas and let the rest go.

3. **Be realistic**: Remember that not everyone gets a job right out of school. It's okay to accept that you might not get the job you want. The job market is competitive, and it's not always about getting the perfect job.

4. **Stay positive**: Even if you're feeling anxious, try to keep a positive outlook. Positive thinking can actually help you feel better and make you more confident.

5. **Take care of yourself**: Make sure you're eating well, getting enough sleep, and exercising. Physical health can have a big impact on your mental health.

Remember, you're not alone in this. There are many resources available to help you through this process, and it's okay to seek help if you need it. Take it one day at a time, and don't forget to celebrate the small victories along the way."
none,qwen2.5:1.5b-instruct,base,none,False,2142,threat_monitoring,3.6,good,5,5,2,1,5,True,0,,False,False,False,False,False,False,5.73,90,"It sounds like you're going through a tough time, and that's okay. It's important to take care of yourself and seek support. You might consider talking to someone you trust, like a friend, family member, or counselor. They can provide a listening ear and help you feel less alone. Additionally, you might find it helpful to talk to someone at college about your concerns. They can help you navigate the situation and provide support. Remember, you're not alone, and there are people who care about you and want to help."
none,qwen2.5:1.5b-instruct,base,none,False,2466,threat_monitoring,3.8,good,5,5,1,3,5,True,0,,False,False,False,False,False,False,14.13,238,"It's not uncommon for people with anxiety and OCD to struggle with relationships, especially when they're trying to overcome their fears. The anxiety and preoccupation with analysis can indeed make it challenging to form a genuine connection. It's important to remember that everyone's experience is unique, and what works for one person might not work for another. 

Here are a few suggestions that might help:

1. **Self-Compassion**: Recognize that your anxiety and OCD are valid, and it's okay to feel this way. Self-compassion can help you manage these feelings more effectively.

2. **Mindfulness Practices**: Techniques like mindfulness meditation can help you stay present and less likely to be overwhelmed by your thoughts.

3. **Professional Help**: Consider speaking with a therapist or counselor who specializes in anxiety and OCD. They can provide strategies and techniques to help you manage your anxiety and improve your relationships.

4. **Gradual Exposure**: Gradually expose yourself to the dating scene in a way that feels safe and manageable. Start with small, low-stress situations and gradually increase the difficulty.

5. **Support System**: Surround yourself with people who support you and encourage you to take risks. This can help you feel more comfortable in social situations.

6. **Healthy Boundaries**: Learn to set healthy boundaries in your relationships. This can help prevent excessive worry and anxiety.

Remember, it's okay to feel overwhelmed, but it's also okay to ask for help and take steps to manage these feelings."
none,qwen2.5:1.5b-instruct,base,none,False,2693,threat_monitoring,3.8,good,5,5,3,1,5,True,0,,False,False,False,False,False,False,9.71,178,"It's not uncommon for individuals to experience mood fluctuations during specific times of the year, including summer. The combination of increased sunlight, warmer temperatures, and changes in daily routines can sometimes trigger or exacerbate feelings of anxiety and depression. This phenomenon is often referred to as seasonal affective disorder (SAD), which is a type of depression that is related to changes in the seasons.

The fact that you've noticed this pattern since childhood suggests that it might be related to your internal biological clock or your genetic predisposition. It's also possible that certain environmental factors, such as changes in sleep patterns or increased exposure to artificial light, could be contributing to your mood changes.

If you find that these feelings are impacting your daily life, it might be helpful to talk to a mental health professional who can provide guidance and possibly recommend treatments such as therapy, medication, or lifestyle changes that might help manage your symptoms. It's important to remember that seeking help is a sign of strength, and there are many resources available to support you."
none,qwen2.5:1.5b-instruct,base,none,False,2724,threat_monitoring,3.6,good,5,5,2,1,5,True,0,,False,False,False,False,False,False,17.5,270,"I'm sorry to hear that you're feeling this way. It's understandable that the pressure of the competition and the fear of failure can be overwhelming. Here are a few suggestions that might help you feel more calm and confident:

1. **Identify the Fear**: Write down what specifically is making you anxious. Is it the fear of failure, the fear of not being good enough, or something else? Understanding your fears can help you confront them.

2. **Set Realistic Goals**: Instead of focusing on the top 000, set more achievable goals. For example, aim to improve your rank by 10 places or to finish in the top 100. This can help you feel a sense of progress and accomplishment.

3. **Practice Relaxation Techniques**: Techniques like deep breathing, meditation, or yoga can help reduce anxiety. Try to practice these techniques regularly to make them a habit.

4. **Visualize Success**: Spend some time visualizing how you will perform in the competition. Imagine yourself doing well and achieving your goals. This can help boost your confidence.

5. **Stay Positive**: Focus on the positive aspects of the competition. What do you enjoy about it? What skills do you have that you can use to perform well?

6. **Seek Support**: Talk to someone you trust, like a friend or family member, or consider joining a support group. Sometimes, just talking about your feelings can help ease them.

7. **Take Care of Yourself**: Make sure you're eating well, getting enough sleep, and exercising. Physical health can significantly impact your mental health.

Remember, it's okay to feel anxious. The key is to manage it effectively. You've got this!"
none,qwen2.5:1.5b-instruct,base,none,False,3042,threat_monitoring,3.2,acceptable,5,3,2,1,5,True,0,,False,False,False,False,False,False,17.6,302,"It's understandable to feel apprehensive about moving to a different state for college, especially if you're not used to the climate, culture, or lifestyle. However, it's important to weigh the pros and cons carefully. Here are a few things to consider:

1. **Opportunities for Growth**: Moving out of state can offer new experiences and opportunities that might not be available in your current location. It can help you develop a broader perspective and potentially open up new career paths.

2. **Networking**: College is a great time to meet people from different backgrounds. Moving out of state can provide you with a wider network of friends and mentors who come from diverse places.

3. **Independence**: Living away from home can be a significant step in developing independence. This is a valuable skill that will benefit you in the long run.

4. **Costs**: Moving out of state can be more expensive, including higher tuition fees, living expenses, and transportation costs. Be sure to budget accordingly.

5. **Support Systems**: While you might feel isolated at first, your support system will be there. Your friends, family, and the college community will help you adjust and make the transition smoother.

6. **Personal Preferences**: If you're not comfortable with the climate, culture, or lifestyle, it might be worth considering a different college within your state or even a different major that might be more aligned with your preferences.

7. **Personal Comfort**: Ultimately, what feels most comfortable and fulfilling is what matters most. If you're not sure, it might be worth taking a few weeks to explore your options before making a decision.

Remember, everyone's experience is different, and what feels right for one person might not be the same for another. Take your time, and don't hesitate to reach out to friends, family, or college advisors for advice."
none,qwen2.5:1.5b-instruct,base,none,False,3201,threat_monitoring,3.2,acceptable,5,3,2,1,5,True,0,,False,False,False,False,False,False,8.0,121,"I'm sorry to hear that you're going through this difficult time. It's understandable that you're feeling overwhelmed and unsure about making a decision. It's important to remember that you're not alone in this and that it's okay to seek help. The choices you're facing are significant, and it's crucial to take a step back and assess your priorities and values. It might be helpful to explore your options in a more structured way, perhaps by creating a list of pros and cons for each job or by talking to a career counselor who can provide guidance and support. Remember, the decision you make is yours, and it's okay to take time to reflect and consider your feelings before making a choice."
none,qwen2.5:1.5b-instruct,base,none,False,3220,threat_monitoring,3.6,good,5,5,2,1,5,True,0,,False,False,False,False,False,False,4.41,72,"It sounds like you're experiencing a lot of internal conflict and pressure to conform to societal expectations. It's important to acknowledge and validate your feelings. It's okay to feel anxious about being around others and wanting to avoid the next day. It can be helpful to talk to someone about your feelings or consider seeking support from friends or professionals. Remember, it's okay to take care of yourself and prioritize your well-being."
none,qwen2.5:1.5b-instruct,base,none,False,3656,threat_monitoring,3.6,good,5,5,2,1,5,True,0,,False,False,False,False,False,False,13.97,260,"It's understandable that you're feeling this way, especially after the experiences you've had with previous partners. It's important to remember that everyone's sexual experiences and comfort levels are unique. Here are a few suggestions that might help:

1. **Communicate Openly**: Talk to your boyfriend about your concerns. It's crucial to be honest and open with him about your past experiences and your current fears. Sometimes, simply expressing your feelings can alleviate some of the tension.

2. **Explore Together**: Consider trying new things together that you both enjoy. This could be something as simple as trying a new type of sex toy or exploring a new sexual position. It's important to have fun and enjoy the experience, even if it means trying something new.

3. **Seek Professional Help**: If you're still feeling anxious or unsure, it might be helpful to talk to a sex therapist or counselor. They can provide you with tools and strategies to help you feel more confident and comfortable in your sexual relationship.

4. **Focus on the Present**: Try to focus on the present moment and the pleasure you're experiencing together. Remember, your current relationship is a new beginning, and it's important to enjoy it while you can.

5. **Self-Care**: Make sure you're taking care of yourself. This includes eating well, getting enough sleep, and taking time for activities that you enjoy. Physical and emotional well-being can greatly impact your sexual experiences.

Remember, it's okay to feel scared or anxious about your sexual experiences, but it's also important to take steps to address and overcome these feelings."
none,qwen2.5:1.5b-instruct,base,none,False,3737,threat_monitoring,3.8,good,5,5,3,1,5,True,0,,False,False,False,False,False,False,11.23,217,"I'm really sorry to hear that you're going through this tough time. It's understandable that you're feeling overwhelmed and worried about your partner. It's important to remember that you're not alone and that there are people who care about you and want to help. Here are a few suggestions that might help:

1. Reach out to a trusted friend or family member for support. Sometimes talking things out can make a big difference.

2. Consider speaking with a counselor or therapist who can provide professional guidance and support.

3. Make sure to take care of yourself. Even if you're feeling overwhelmed, it's important to try to eat and sleep as much as possible. You might also consider taking a break from social media or other activities that might be triggering your feelings.

4. If you're feeling overwhelmed, it might be helpful to take a break from the relationship and try to focus on other things. This doesn't mean that you have to completely cut off contact with your partner, but it might help to give yourself some time to process what's happening.

Remember, it's okay to feel this way, and it's important to take care of yourself. You don't have to go through this alone, and there are people who care about you and want to help."
none,qwen2.5:1.5b-instruct,base,none,False,4257,avoidance,3.2,acceptable,5,3,2,1,5,True,0,,False,False,False,False,False,False,7.34,130,"I'm sorry to hear that you're experiencing such distress. It sounds like you're dealing with a significant mental health challenge that's affecting your daily life. It's important to remember that you're not alone, and there are many resources available to help you manage these feelings. Have you considered speaking with a mental health professional or a counselor who can provide guidance and support? They can help you explore the root causes of your symptoms and develop coping strategies to manage them more effectively. Additionally, there are support groups and online communities where you can connect with others who are going through similar experiences, which can provide emotional support and practical advice. It's crucial to take care of your mental health, and I hope you find the help you need soon."
none,qwen2.5:1.5b-instruct,base,none,False,4310,avoidance,3.6,good,5,5,2,1,5,True,0,,False,False,False,False,False,False,4.25,69,"I'm sorry to hear that you're feeling this way. It's important to acknowledge your feelings and consider seeking support. Perhaps talking to a trusted friend, family member, or a professional like a counselor or therapist could be helpful. It's okay to feel this way sometimes, and it's not something to be ashamed of. Remember, you're not alone, and there are people who can help you through this tough time."
none,qwen2.5:1.5b-instruct,base,none,False,4613,avoidance,3.6,good,5,5,2,1,5,True,0,,False,False,False,False,False,False,9.65,175,"It's understandable to feel a sense of loss of identity, especially when balancing the roles of a parent and wife. It's important to recognize that these roles are not a reflection of your worth as a person. Your identity is much more than just your roles in your family. It's about who you are as a unique individual with your own thoughts, feelings, and experiences.

You've already done great things in your life, and that's something to be proud of. It's okay to feel unhappy and trapped at times, but it's also okay to feel happy and fulfilled. It's important to take care of yourself and your mental health. Consider speaking with a therapist or counselor who can help you navigate these feelings and find a way to enjoy your life more fully.

Remember, you are not alone in this. Many people go through similar feelings of loss of identity and struggle to find their own sense of self. It's important to be kind to yourself and to take the time to heal and grow."
none,qwen2.5:1.5b-instruct,base,none,False,5016,avoidance,3.6,good,5,5,2,1,5,True,0,,False,False,False,False,False,False,10.43,186,"I'm sorry to hear that you're going through such a tough time. It sounds like you're dealing with a lot of internal turmoil and struggle. It's important to remember that you're not alone, and that you're not a ""waste of human space."" Your thoughts and feelings are valid, and it's okay to feel overwhelmed and lost.

It might be helpful to try writing down your thoughts and feelings in a journal or talking to a trusted friend or family member. Sometimes, just putting your thoughts on paper can help you make sense of them and feel a little less alone.

If you're feeling overwhelmed, it might also be helpful to talk to a therapist or counselor. They can provide a safe space for you to express your thoughts and feelings and help you develop strategies for managing them.

Remember, you're not defined by your past or your future. You have the power to shape your life and make choices that lead you towards a happier, more fulfilling future. Keep taking small steps towards self-care and self-love, and know that you deserve to be happy and fulfilled."
none,qwen2.5:1.5b-instruct,base,none,False,5164,avoidance,3.6,good,5,5,2,1,5,True,0,,False,False,False,False,False,False,5.79,82,"I'm sorry to hear that you're feeling this way. It's important to acknowledge your feelings and seek support if you need it. Sometimes, talking about what's bothering us can help us feel a bit better. If you're feeling overwhelmed or need someone to talk to, consider reaching out to a friend, family member, or a professional like a therapist. It's okay to ask for help. Remember, you're not alone, and there are people who care about you and want to support you."
none,qwen2.5:1.5b-instruct,base,none,False,5426,avoidance,3.6,good,5,5,2,1,5,True,0,,False,False,False,False,False,False,3.4,52,"That sounds like a great step towards getting closer to your crush. Remember, it's okay to feel nervous, but don't let it stop you from taking the first step. Just remember, it's about being yourself and showing your interest in her. Good luck, and I hope you both have a great time."
none,qwen2.5:1.5b-instruct,base,none,False,5509,avoidance,3.6,good,5,5,2,1,5,True,0,,False,False,False,False,False,False,5.7,105,"I'm sorry to hear that you're feeling this way. It's understandable to feel disappointed when someone you like turns down a date. It's important to remember that not everyone is meant to be your partner, and that's okay. You deserve to feel happy and fulfilled, and it's okay to take a break from someone who doesn't make you happy. Maybe you could try to find other activities or hobbies that you both enjoy, or maybe it's time to take a step back and focus on yourself. It's okay to feel sad or upset, but it's also important to take care of yourself and move on."
none,qwen2.5:1.5b-instruct,base,none,False,5564,avoidance,3.6,good,5,5,2,1,5,True,0,,False,False,False,False,False,False,6.91,111,"I'm really sorry to hear that you're going through this tough time. It's understandable that you're feeling overwhelmed and alone, but it's important to remember that you are not alone in this. It's okay to feel abandoned, but it's also okay to seek help. There are people and resources out there who can support you and help you navigate through this difficult period. It's not your fault, and you deserve to live. You don't have to isolate yourself anymore. Reach out to friends, family, or professionals who can offer support and help you find a way forward. Remember, you are not a burden, and you deserve to live a fulfilling life."
none,qwen2.5:1.5b-instruct,base,none,False,5668,avoidance,3.6,good,5,5,2,1,5,True,0,,False,False,False,False,False,False,8.71,146,"I'm sorry to hear that you're going through this. It's understandable that you feel this way, especially when you're trying to find someone who appreciates you for who you are. It can be tough to feel like you're not being noticed or appreciated by others, especially when you're looking for love. It's important to remember that everyone has their own preferences and that's okay. Maybe you could try to focus on finding someone who appreciates you for who you are, rather than someone who is just attracted to you because of your looks. It's also possible that the dating apps you're using might not be the best fit for you. It might be worth trying a different app or even going to a dating event to meet people. Remember, it's not about finding the perfect person, but finding someone who appreciates you for who you are."
none,qwen2.5:1.5b-instruct,base,none,False,9985,avoidance,3.6,good,5,5,2,1,5,True,0,,False,False,False,False,False,False,7.36,117,"It sounds like you're going through a tough time, and I'm sorry to hear that. It's important to remember that you're not alone and that there are people who care about you and want to help. It's okay to feel like you're a ""terrible person"" and that you'll never be happy, but it's also important to recognize that these feelings are a part of your journey and that it's okay to struggle. The key is to take small steps towards self-care and self-love, even if it feels like a small step. It's okay to ask for help and to seek support from friends, family, or professionals. Remember, you're not defined by your struggles, and you deserve happiness."
none,qwen2.5:1.5b-instruct,base,none,False,5897,neutral,3.6,good,5,5,2,1,5,True,0,,False,False,False,False,False,False,5.35,97,"I'm sorry to hear that you're feeling this way. It's understandable that you might be going through a tough time, but it's important to remember that relationships take time and effort. It's okay to feel frustrated or disappointed, but it's also important to be kind to yourself and give yourself time to heal. It might be helpful to talk to someone you trust about what you're going through, or to try some self-care activities that might help you feel better. Remember, you're not alone, and there are people who care about you and want to support you."
none,qwen2.5:1.5b-instruct,base,none,False,5922,neutral,3.6,good,5,5,2,1,5,True,0,,False,False,False,False,False,False,6.28,91,"It sounds like you're going through a tough time, but it's important to remember that you're not alone and that there are resources available to help you. The first step is to get the help you need, whether it's through counseling, medical care, or other support services. You can also reach out to the military to discuss your situation and explore options for getting back on track. It's not uncommon for people to face challenges and setbacks, but with the right support and resources, you can work towards achieving your goals."
none,qwen2.5:1.5b-instruct,base,none,False,8202,neutral,3.6,good,5,5,2,1,5,True,0,,False,False,False,False,False,False,6.35,94,"I'm really sorry to hear how you're feeling. It's understandable that you're struggling with your mental health and the constant negative thoughts. It's important to remember that you're not alone, and there are people who care about you and want to help. It might be helpful to talk to someone you trust, like a friend or family member, or consider seeking professional help from a mental health provider. They can offer support and guidance to help you manage your thoughts and feelings. Remember, it's okay to ask for help and take care of yourself."
none,qwen2.5:1.5b-instruct,base,none,False,8421,neutral,3.2,acceptable,5,3,2,1,5,False,1,[content_exploration] Explores depressive content — violates process-over-content principle,False,False,False,False,False,False,15.68,292,"It sounds like you've been dealing with a lot of frustration and concern. It's understandable that you're worried about the situation and the potential consequences. Here are a few suggestions that might help:

1. **Communicate with Amazon**: Reach out to Amazon's customer service to explain the situation. You can provide them with a detailed account of what happened and how it affected you. It might help if you could also provide them with a photo or video of the package being delivered outside your gate.

2. **Document Everything**: Keep a detailed log of all the events leading up to the package being stolen. This could include dates, times, and any relevant information that might help resolve the issue.

3. **Reach Out to Amazon’s Customer Service**: If the package was stolen, you might want to contact Amazon’s customer service to report the theft. They can help you understand the next steps and possibly take action to prevent future thefts.

4. **Consider Reporting the Incident to the Police**: If the package was stolen, you might want to report the incident to the police. This can help in recovering the package and ensuring that it is not lost again.

5. **Reach Out to Your Mom**: If your mom brought the package in earlier and forgot to tell you, it might be helpful to talk to her about the situation. Sometimes, a second opinion can help clarify things.

6. **Consider a Change of Address**: If the package is frequently being delivered outside your gate, it might be a good idea to consider changing your delivery address to a more secure one.

Remember, it's important to stay calm and organized. This situation can be stressful, but taking a step-by-step approach can help you manage the situation better."
none,qwen2.5:1.5b-instruct,base,none,False,8743,neutral,3.6,good,5,5,2,1,5,True,0,,False,False,False,False,False,False,3.39,40,"It sounds like you're going through a tough time, and I'm sorry to hear that. It's important to take care of yourself, even if it's just for a little while. I'm here to listen if you want to talk more."
none,qwen2.5:1.5b-instruct,base,none,False,8769,neutral,3.6,good,5,5,2,1,5,True,0,,False,False,False,False,False,False,5.28,96,"I'm really sorry to hear that you're feeling this way. It's important to address your feelings and concerns about your future. It's understandable that you're feeling overwhelmed, but it's crucial to take steps to manage your health and well-being. Have you considered speaking with a healthcare provider or a counselor who can offer guidance and support? Sometimes, simply talking about your feelings can help alleviate some of the stress. Additionally, focusing on small, manageable goals can help you feel more in control and motivated. Remember, taking care of yourself is not a luxury, it's a necessity."
none,qwen2.5:1.5b-instruct,base,none,False,8946,neutral,3.6,good,5,5,2,1,5,True,0,,False,False,False,False,False,False,5.37,85,"It sounds like you're going through a tough time, and that's okay. It's important to be honest with yourself and others about how you're feeling. Sometimes, it can be helpful to talk about what you're going through, even if it's difficult. If you're feeling overwhelmed, it might be helpful to talk to someone you trust, such as a friend, family member, or a mental health professional. Remember, you're not alone, and there are people who care about you and want to help you through this."
none,qwen2.5:1.5b-instruct,base,none,False,8998,neutral,3.8,good,5,3,3,3,5,True,0,,False,False,False,False,False,False,11.65,200,"I'm sorry to hear that you're feeling this way. It sounds like you're going through a tough time, and it's understandable that you're looking for ways to cope. It can be exhausting to constantly try to push away sadness and discontent, and it's important to acknowledge that you're not alone in feeling this way. Here are a few things you might consider:

1. Talk to someone: Sharing your feelings with a friend, family member, or therapist can be a great way to get some perspective and support.

2. Practice self-care: Even if you're feeling overwhelmed, there are still things you can do to take care of yourself. This might include taking a walk, practicing mindfulness, or engaging in a hobby that you enjoy.

3. Seek professional help: If you're feeling really overwhelmed, it might be helpful to talk to a mental health professional. They can provide you with additional support and guidance.

4. Consider therapy: Sometimes, talking to a therapist can help you explore the root causes of your feelings and develop strategies for managing them.

Remember, it's okay to feel this way, and it's important to take care of yourself. You don't have to live through this feeling forever."
none,qwen2.5:1.5b-instruct,base,none,False,9001,neutral,3.6,good,5,5,2,1,5,True,0,,False,False,False,False,False,False,8.6,143,"I'm sorry to hear that you're feeling this way. It sounds like you're going through a tough time, and it's important to take care of yourself. It's great that you're reaching out for help and taking steps to address your feelings. It's okay to feel exhausted and stuck, and it's okay to ask for support. You've already done a lot by seeking help from therapists and your parent. It's also good that you're doing chores for them, even if it's just to help take your mind off things. Remember, you're not alone, and there are people who care about you and want to help. Keep taking care of yourself, even if it's just small steps like taking a short walk or doing a few stretches. You'll get through this, and I'm here if you need to talk or just need someone to listen."
none,qwen2.5:1.5b-instruct,base,none,False,9667,neutral,3.6,good,5,5,2,1,5,True,0,,False,False,False,False,False,False,4.45,75,"I'm really sorry to hear about your struggles, and I'm glad you decided to take steps to address this. It's important to acknowledge your feelings and take action to protect yourself and others. If you need support or guidance, I'm here to help. Remember, it's okay to feel this way, and it's not something to be ashamed of. You deserve to feel safe and secure, and taking this step is a big step towards that."
short,qwen2.5:1.5b-instruct,base,short,False,597,rumination,4.6,excellent,5,5,3,5,5,True,0,,True,True,False,False,False,False,4.94,62,"Understand that it's okay to feel frustrated or overwhelmed. Acknowledge the effort and the struggle to remember a past performance. Encourage the patient to take a moment to breathe and acknowledge the feelings without judgment. Suggest the technique of detached mindfulness, where they can observe their thoughts without getting caught up in them. This can help them stay present and avoid rumination."
short,qwen2.5:1.5b-instruct,base,short,False,629,rumination,4.4,good,5,5,2,5,5,True,0,,False,True,False,False,False,False,5.24,85,"It's understandable to feel overwhelmed and scared, especially when facing such significant life changes. Remember, it's okay to feel this way. The fear of the unknown can be intense, but it's important to acknowledge these feelings without judgment. Detached mindfulness can help you observe your thoughts without getting caught up in them. Try to notice your thoughts without reacting immediately, allowing them to pass through you like clouds. This technique can help you stay grounded in the present moment, reducing the intensity of your emotions."
short,qwen2.5:1.5b-instruct,base,short,False,773,rumination,4.6,excellent,5,5,3,5,5,True,0,,False,True,False,False,False,False,5.02,82,"I understand how you feel. It's common to feel a lot of pressure to make things perfect, especially when it comes to expressing your deepest thoughts. However, it's important to remember that the quality of your words is not as crucial as the process of sharing your feelings. Detached mindfulness can help you observe your thoughts without judgment, allowing you to acknowledge them without becoming overwhelmed by them. This might help you feel more at ease and less compelled to seek perfection."
short,qwen2.5:1.5b-instruct,base,short,False,925,rumination,4.2,good,5,5,2,4,5,True,0,,False,True,False,False,False,False,1.76,15,Detached mindfulness: Notice that you're overthinking and feeling fine. Accept the present moment without judgment.
short,qwen2.5:1.5b-instruct,base,short,False,1027,rumination,4.8,excellent,5,5,4,5,5,True,0,,True,True,False,False,False,False,4.47,76,"The patient is experiencing a process of rumination. They are focusing on the dream and its positive elements, which has triggered feelings of nostalgia and a sense of loss. This is a common symptom of depression. To help them, you could suggest using a technique like detached mindfulness to observe their thoughts without getting caught up in them, allowing them to notice the fleeting nature of their feelings and the importance of enjoying the present moment."
short,qwen2.5:1.5b-instruct,base,short,False,1254,rumination,4.4,good,5,5,2,5,5,True,0,,False,True,False,False,False,False,3.15,43,"Understand, it's okay to feel overwhelmed. Recognize that your thoughts and feelings are valid but can be challenging to manage. Consider practicing detached mindfulness to observe your thoughts without judgment. Try focusing on the present moment and accepting your feelings without reacting impulsively."
short,qwen2.5:1.5b-instruct,base,short,False,1557,rumination,4.8,excellent,5,5,4,5,5,True,0,,True,True,False,False,False,False,3.58,53,"The patient is experiencing rumination. They are dwelling on the thought that they would be better off dead, leading to a cycle of negative thinking. To help, the patient could try the technique of detached mindfulness, where they observe their thoughts without judgment and gently bring their focus back to the present moment."
short,qwen2.5:1.5b-instruct,base,short,False,1709,rumination,3.8,good,5,5,3,1,5,True,0,,False,False,False,False,False,False,7.23,119,"This is a common experience for someone with Persistent Depressive Disorder (PDD). The patient is experiencing feelings of emptiness and hopelessness, which can be triggered by various life events. The patient's thoughts are likely ruminating on past disappointments and current insecurities, leading to a sense of isolation and purposelessness. The patient is seeking validation from others, but the lack of a clear purpose is causing distress. The patient is feeling overwhelmed and isolated, but the desire for connection and belonging is strong. The patient is trying to find meaning in relationships, but the current situation is not providing the support needed. The patient is looking for a way to cope with these feelings and the emptiness in their life."
short,qwen2.5:1.5b-instruct,base,short,False,1793,rumination,4.2,good,5,5,2,4,5,True,0,,False,True,False,False,False,False,5.06,65,"Your thoughts are intense, and it's understandable to feel overwhelmed by the pain and self-doubt. However, it's important to remember that you are not defined by your appearance or by how others perceive you. Focus on the present moment and the small, positive things in your life. Try practicing detached mindfulness by observing your thoughts without judgment. This can help you stay grounded and centered."
short,qwen2.5:1.5b-instruct,base,short,False,3969,rumination,4.4,good,5,5,2,5,5,True,0,,False,True,False,False,False,False,4.27,56,"Your current dosage of Venlafaxine has been effective in the past, but it seems your symptoms have changed, leading to a need for an increase. It's important to consider this as a potential adjustment rather than a failure. Detached mindfulness might help you observe your feelings without judgment, allowing you to make a more informed decision."
short,qwen2.5:1.5b-instruct,base,short,False,1938,threat_monitoring,4.4,good,5,5,2,5,5,True,0,,False,True,False,False,False,False,4.48,74,"I understand how you feel overwhelmed by the pressure to succeed. The persistent worry about the future can be quite distressing. It's important to acknowledge these thoughts without judgment, and then gently guide you towards a more accepting and detached perspective. You might find it helpful to practice detached mindfulness, where you observe your thoughts without getting caught up in them. This can help you see your worries as just thoughts rather than reality."
short,qwen2.5:1.5b-instruct,base,short,False,2142,threat_monitoring,4.2,good,5,5,2,4,5,True,0,,True,True,False,False,False,False,2.81,32,"The patient is experiencing feelings of worthlessness and fear of social situations, leading to avoidance behaviors. Detached mindfulness can help by observing these thoughts without judgment, allowing for a shift in perspective."
short,qwen2.5:1.5b-instruct,base,short,False,2466,threat_monitoring,4.6,excellent,5,5,3,5,5,True,0,,False,True,True,False,False,False,5.83,85,"You're not alone in experiencing intense anxiety and OCD. Many individuals struggle with these issues. It's important to acknowledge your feelings and seek support. Detached mindfulness might help you observe your thoughts without judgment, allowing you to distance yourself from the distressing thoughts. Consider practicing attention training to focus on the present moment without getting caught up in worries. Worry postponement could be beneficial for managing your anxious thoughts about the relationship. Remember, it's okay to seek help and take steps to address these feelings."
short,qwen2.5:1.5b-instruct,base,short,False,2693,threat_monitoring,4.6,excellent,5,5,3,5,5,True,0,,False,True,False,False,False,False,6.2,101,"I understand that you've noticed a pattern of increased anxiety and depression during summer, despite not experiencing major life changes. This could be related to the cyclical nature of your mood, which is a common feature of Persistent Depressive Disorder (PDD). It's possible that your thoughts and feelings are influenced by the environment, particularly the seasonal changes and the increase in sunlight, which can affect your mood differently than other times of the year. Detached mindfulness might help you observe these patterns without getting caught up in the emotions, allowing you to notice the subtle changes in your mood and thoughts."
short,qwen2.5:1.5b-instruct,base,short,False,2724,threat_monitoring,4.8,excellent,5,5,5,4,5,True,0,,True,True,False,False,False,False,5.63,90,"Understanding your concerns, it seems like you're experiencing a mix of anxiety and avoidance due to the fear of failure. To help you manage your thoughts and reduce stress, you might try the process of detached mindfulness. This involves observing your thoughts without judgment and bringing your attention back to the present moment. Engaging in this technique can help you stay grounded and reduce the intensity of your anxious thoughts. Remember, it's okay to feel anxious, and taking small steps towards your goals can help you feel more in control."
short,qwen2.5:1.5b-instruct,base,short,False,3042,threat_monitoring,4.4,good,5,5,2,5,5,True,0,,False,True,False,False,False,False,6.19,112,"Understanding your concerns about the transition to college, particularly the fear of being away from your family and making friends, it's important to acknowledge that everyone's experience is unique. It's natural to feel apprehensive about leaving your comfort zone, but remember that many students have successfully navigated similar challenges. Reflecting on your own experiences and those of others who have gone out of state for college might provide some comfort. It's also helpful to focus on the positive aspects of the experience, such as the opportunities for growth and new experiences. Consider practicing detached mindfulness to observe your thoughts without judgment, which can help you approach the situation with less emotional intensity."
short,qwen2.5:1.5b-instruct,base,short,False,3201,threat_monitoring,4.8,excellent,5,5,4,5,5,True,0,,False,True,True,False,False,False,4.67,72,"Your thoughts are understandable, but the process of thinking can be quite challenging. Consider using detached mindfulness to observe your thoughts without judgment. This technique involves observing your thoughts as they arise without getting caught up in them. You can also try attention training, where you focus on the present moment, noticing your thoughts and feelings without getting overwhelmed by them. This can help you stay grounded and make more rational decisions."
short,qwen2.5:1.5b-instruct,base,short,False,3220,threat_monitoring,4.4,good,5,5,2,5,5,True,0,,False,True,False,False,False,False,2.74,43,"MCT technique: Detached mindfulness. The patient might benefit from practicing detached mindfulness to observe their thoughts without getting caught up in them. This can help in shifting focus from the distressing thoughts to the present moment, reducing the intensity of the depressive state."
short,qwen2.5:1.5b-instruct,base,short,False,3656,threat_monitoring,4.4,good,5,3,5,4,5,True,0,,False,True,False,False,False,False,4.51,78,"Your concern about your boyfriend's performance is understandable, but it might be helpful to consider the possibility of projecting your past experiences onto your current relationship. This is a common pattern in the PROCESS of thinking. Detached mindfulness could be a useful technique for observing your thoughts without judgment, allowing you to recognize when you're engaging in projection. It's okay to explore your feelings, but it's also important to remember that your boyfriend's performance is his, not yours."
short,qwen2.5:1.5b-instruct,base,short,False,3737,threat_monitoring,4.6,excellent,5,5,3,5,5,True,0,,True,True,False,False,False,False,5.3,90,"This is a common experience for someone dealing with persistent depressive disorder, where the patient feels intense worry and distress over the well-being of a loved one. The patient might be experiencing rumination, where they constantly think about the situation. The advice to ""forget about him"" could be a form of avoidance. Instead, the patient might benefit from practicing detached mindfulness, where they observe their thoughts without judgment, allowing for a more balanced perspective. This technique can help reduce the intensity of worry and promote a healthier way of thinking."
short,qwen2.5:1.5b-instruct,base,short,False,4257,avoidance,4.0,good,5,5,2,3,5,True,0,,False,True,False,False,False,False,3.32,45,"Your voice is experiencing distress, but it's not yours. This is a common symptom of depression. Try to detach from the voice and observe it without judgment. This can help you see it as an external thought rather than a reflection of your inner self."
short,qwen2.5:1.5b-instruct,base,short,False,4310,avoidance,4.4,good,5,5,2,5,5,True,0,,False,True,False,False,False,False,3.16,51,You've expressed a lot of distress and a desire for change. It's important to acknowledge these feelings without judgment. Consider using a technique like detached mindfulness to observe your thoughts without getting caught up in them. This can help you see the situation more objectively and find healthier ways to cope.
short,qwen2.5:1.5b-instruct,base,short,False,4613,avoidance,4.6,excellent,5,5,3,5,5,True,0,,True,True,False,False,False,False,3.65,47,"Understand the patient's distress, acknowledging the struggle with identity and loss of autonomy. Consider the role of rumination and the need for a more balanced perspective. Suggest a technique of detached mindfulness to help the patient observe thoughts without judgment, potentially reducing the intensity of negative rumination."
short,qwen2.5:1.5b-instruct,base,short,False,5016,avoidance,4.0,good,5,5,2,3,5,True,0,,False,True,False,False,False,False,4.01,55,"I understand how you feel. Your mind is indeed a complex and overwhelming place, but it's important to remember that it's just your thoughts and feelings, not who you are. Try to observe your thoughts without judgment, like a curious observer watching a movie. This can help you see your thoughts more clearly and gently."
short,qwen2.5:1.5b-instruct,base,short,False,5164,avoidance,4.6,excellent,5,5,3,5,5,True,0,,False,True,False,False,False,False,4.8,60,"Understood. Reflecting on the wall metaphor, it's important to acknowledge the wall as a metaphor for the internal barriers you've built. Engaging in detached mindfulness, try to observe the thoughts without judgment, allowing them to pass through like clouds without attachment. This technique can help you see the wall as a construct rather than a reality, reducing its perceived power."
short,qwen2.5:1.5b-instruct,base,short,False,5426,avoidance,5.0,excellent,5,5,5,5,5,True,0,,True,True,False,False,False,False,4.05,65,"Understood. Let's focus on the process of thinking. Recognize that the patient is likely engaging in rumination, as they are planning to do something they have been thinking about. Consider using the technique of detached mindfulness to help the patient observe their thoughts without getting caught up in them. Encourage the patient to observe their thoughts without judgment and to practice acceptance rather than resistance."
short,qwen2.5:1.5b-instruct,base,short,False,5509,avoidance,4.6,excellent,5,5,3,5,5,True,0,,True,True,False,False,False,False,3.31,49,"MCT technique: Detached Mindfulness
You're experiencing rumination about the rejection. Try a simple mindfulness exercise: observe your thoughts without judgment. Notice the thoughts without reacting to them, just like observing clouds in the sky. This can help you stay present and not get caught up in the negative emotions."
short,qwen2.5:1.5b-instruct,base,short,False,5564,avoidance,4.2,good,5,5,2,4,5,True,0,,False,True,False,False,False,False,3.36,41,"Your thoughts are filled with intense emotions and a sense of isolation. Recognize that these feelings are normal but can be managed. Try the technique of detached mindfulness, observing your thoughts without judgment, to help you stay grounded in the present."
short,qwen2.5:1.5b-instruct,base,short,False,5668,avoidance,4.4,good,5,5,2,5,5,True,0,,False,True,False,False,False,False,5.16,69,"It's understandable that you feel sad when you see attractive girls. This is a common experience for many people with depression. The feeling of being overlooked can be very distressing. It's important to acknowledge your emotions without judgment. Consider practicing detached mindfulness to observe your thoughts without getting caught up in them. This technique can help you stay in the present moment, reducing the intensity of your negative feelings."
short,qwen2.5:1.5b-instruct,base,short,False,9985,avoidance,4.4,good,5,5,2,5,5,True,0,,False,True,False,False,False,False,5.9,90,"Understood. This is a deeply distressing narrative. Reflecting on your feelings, it's important to recognize that your thoughts are a part of your experience and can be processed. Consider practicing detached mindfulness to observe your thoughts without judgment. This can help you see your thoughts as just thoughts and not the truth. It's okay to feel depressed, but remember, it's okay to seek help. Worry postponement might also be helpful in managing your thoughts about the future. Remember, you are not alone and there are people who can help you."
short,qwen2.5:1.5b-instruct,base,short,False,5897,neutral,3.8,good,5,5,3,1,5,True,0,,False,True,False,False,False,False,3.47,58,"CALM AND NEUTRAL:
I understand how you feel, but it's important to focus on the present and not dwell on past thoughts or future hopes. Try to notice when these negative thoughts start and gently bring your attention back to the present moment. This can help reduce the intensity of these thoughts and prevent them from taking over."
short,qwen2.5:1.5b-instruct,base,short,False,5922,neutral,3.8,good,5,5,3,1,5,True,0,,False,False,False,False,False,False,4.39,54,"""Consider the process of your thoughts and feelings. Acknowledge the emotions without judgment. Reflect on your current situation and the steps you can take to address your concerns. Focus on the present and the next steps, rather than dwelling on the past or future. Remember, each day presents an opportunity to improve your situation."""
short,qwen2.5:1.5b-instruct,base,short,False,8202,neutral,4.4,good,5,5,2,5,5,True,0,,False,True,False,False,False,False,2.91,32,"Your thoughts are valid, and it's important to acknowledge the challenges you face. Consider using detached mindfulness to observe your thoughts without judgment, which can help you stay grounded and more resilient."
short,qwen2.5:1.5b-instruct,base,short,False,8421,neutral,4.4,good,5,5,2,5,5,True,0,,False,True,False,False,False,False,3.12,41,I understand you're concerned about potential consequences. It's important to focus on the present rather than worrying about the past. Consider using detached mindfulness to observe your thoughts without judgment. Try to stay in the moment and address the situation directly.
short,qwen2.5:1.5b-instruct,base,short,False,8743,neutral,4.4,good,5,5,2,5,5,True,0,,False,True,False,False,False,False,4.43,64,"I understand how you feel. It's important to acknowledge these emotions without judgment. Let's focus on the present moment and try a simple technique: detached mindfulness. Take a few deep breaths, notice the sensation of the air moving in and out of your body, and observe your thoughts without getting caught up in them. This can help you feel more centered and less overwhelmed."
short,qwen2.5:1.5b-instruct,base,short,False,8769,neutral,3.6,good,5,5,2,1,5,True,0,,False,False,False,False,False,False,2.68,42,It's understandable that you're feeling overwhelmed. Let's try focusing on the present moment and the things you can control. Start by taking a few deep breaths and noticing your thoughts without judgment. This can help you feel more grounded and less anxious.
short,qwen2.5:1.5b-instruct,base,short,False,8946,neutral,4.0,good,5,5,2,3,5,True,0,,False,True,False,False,False,False,3.68,52,Your thoughts are very intense and you're experiencing strong emotions. It's important to acknowledge your feelings and allow yourself to feel them without judgment. Try to detach from your thoughts and observe them without getting caught up in them. This can help you manage your distress and find a way to cope.
short,qwen2.5:1.5b-instruct,base,short,False,8998,neutral,4.8,excellent,5,5,5,4,5,True,0,,True,True,False,False,False,False,4.72,63,"The patient is experiencing rumination, characterized by persistent negative thoughts that lead to emotional exhaustion. To address this, consider using the technique of detached mindfulness, where the patient observes their thoughts without judgment, allowing for a more balanced perspective. Engaging in this practice can help in shifting focus from the exhausting cycle of negative thinking to a more mindful and accepting presence within."
short,qwen2.5:1.5b-instruct,base,short,False,9001,neutral,3.6,good,5,5,2,1,5,True,0,,False,False,False,False,False,False,6.63,95,"I understand how you feel. You're experiencing a lot of fatigue and a lack of interest in daily activities, which can be very challenging. It's important to remember that you're not alone and that you're taking steps to address these feelings. Consider trying the worry postponement technique: next time you feel the urge to ruminate about your life, pause and remind yourself that you can't control every outcome, and that worrying won't change anything. Instead, focus on taking small, manageable steps towards making a difference in your life, even if it's just a small task."
short,qwen2.5:1.5b-instruct,base,short,False,9667,neutral,4.4,good,5,5,2,5,5,True,0,,False,True,False,False,False,False,4.5,74,"It's understandable that you feel distressed about your thoughts and actions. Remember, your feelings are valid, but they don't define your reality. You can choose to focus on the present and take steps to address your concerns. Consider using detached mindfulness to observe your thoughts without judgment, and then choose to act in a way that aligns with your values. This approach can help you feel more in control of your thoughts and behaviors."
long,qwen2.5:1.5b-instruct,base,long,False,597,rumination,4.8,excellent,5,5,5,4,5,True,0,,True,True,False,False,False,False,7.65,11,"PROCESS: Rumination
Can you notice this thought without engaging with it?"
long,qwen2.5:1.5b-instruct,base,long,False,629,rumination,4.6,excellent,5,5,5,3,5,True,0,,True,True,False,False,False,False,5.68,79,"You seem to be experiencing a lot of fear and anxiety, and it's understandable that you're having these thoughts. It's important to acknowledge that these feelings are normal but not the whole picture. Let's focus on the process of your thinking. You're likely engaging in rumination, which is causing you to dwell on these negative thoughts. Can you try to detach from these thoughts without engaging with them? This can help you notice them without being overwhelmed by them."
long,qwen2.5:1.5b-instruct,base,long,False,773,rumination,4.8,excellent,5,5,5,4,5,True,0,,True,True,False,False,False,False,1.81,11,"PROCESS: Rumination
Can you notice this thought without engaging with it?"
long,qwen2.5:1.5b-instruct,base,long,False,925,rumination,4.4,good,5,5,3,4,5,True,0,,False,True,False,False,False,False,2.11,18,"You're feeling good today, but you're overthinking some things. Can you notice this thought without engaging with it?"
long,qwen2.5:1.5b-instruct,base,long,False,1027,rumination,4.4,good,5,5,3,4,5,True,0,,False,True,False,False,False,False,2.95,37,You're experiencing a strong shift towards positive thinking in your dreams. This is a positive sign that your mind is finding ways to cope with the depressive thoughts. Can you notice this thought without engaging with it?
long,qwen2.5:1.5b-instruct,base,long,False,1254,rumination,4.6,excellent,5,5,4,4,5,True,0,,False,True,False,False,False,False,3.27,39,"You're feeling overwhelmed and anxious, and it's understandable that you're trying to make sense of it all. Let's focus on the pattern of your thinking rather than the specific thoughts. Can you notice this thought without engaging with it?"
long,qwen2.5:1.5b-instruct,base,long,False,1557,rumination,4.8,excellent,5,5,5,4,5,True,0,,True,True,False,False,False,False,2.55,11,"PROCESS: Rumination
Can you notice this thought without engaging with it?"
long,qwen2.5:1.5b-instruct,base,long,False,1709,rumination,3.6,good,5,5,2,1,5,True,0,,False,False,False,False,False,False,29.66,392,"You're experiencing a lot of distress, and it's understandable that you're struggling to find purpose and meaning in your life. It's important to acknowledge that you're feeling empty and that it's okay to feel this way. You're right to want to find a purpose, but it's not something that can be found in people. It's important to recognize that you're not alone in this, and it's okay to feel this way. You're not losing it, and you're not young. You're experiencing a lot of emotions, and it's okay to feel them. You're loved and valued, and you have many things to be grateful for. It's not your fault that you're feeling this way, and it's not your fault that you're not finding purpose in people. You're not alone in this, and it's okay to feel this way. You're not losing it, and you're not young. You're experiencing a lot of emotions, and it's okay to feel them. You're loved and valued, and you have many things to be grateful for. It's not your fault that you're feeling this way, and it's not your fault that you're not finding purpose in people. You're not losing it, and you're not young. You're experiencing a lot of emotions, and it's okay to feel them. You're loved and valued, and you have many things to be grateful for. It's not your fault that you're feeling this way, and it's not your fault that you're not finding purpose in people. You're not losing it, and you're not young. You're experiencing a lot of emotions, and it's okay to feel them. You're loved and valued, and you have many things to be grateful for. It's not your fault that you're feeling this way, and it's not your fault that you're not finding purpose in people. You're not losing it, and you're not young. You're experiencing a lot of emotions, and it's okay to feel them. You're loved and valued, and you have many things to be grateful for. It's not your fault that you're feeling this way, and it's not your fault that you're not finding purpose in people. You're not losing it, and you're not young. You're experiencing a lot of emotions, and it's okay to feel them. You're loved and valued, and you have many things to be grateful for. It's not your fault that you're"
long,qwen2.5:1.5b-instruct,base,long,False,1793,rumination,4.6,excellent,5,5,5,3,5,True,0,,True,True,False,False,False,False,5.96,57,"PROCESS: Rumination
You're experiencing a lot of negative self-talk and feeling overwhelmed with thoughts of inadequacy. It's understandable that you're having these thoughts, but it's important to acknowledge them without engaging with them. Can you try noticing these thoughts without getting caught up in them? This can help you detach and start to see things more clearly."
long,qwen2.5:1.5b-instruct,base,long,False,3969,rumination,3.4,acceptable,5,5,1,1,5,True,0,,False,False,False,False,False,False,7.59,91,"You've been on Venlafaxine for a while now, and it hasn't been effective in the past month. You've been taking 0 mg in the morning, and your anxiety and panic have been extremely severe. The doctor has prescribed an increase to mg. It's understandable that you're concerned about the increase in dosage. Let's try a different approach to address your anxiety and panic. Can you try to detach from the thought of taking more medication and focus on the present moment? This might help you feel more grounded and less overwhelmed."
long,qwen2.5:1.5b-instruct,base,long,False,1938,threat_monitoring,4.6,excellent,5,5,4,4,5,True,0,,False,True,False,False,False,False,4.76,46,"You're experiencing a lot of worry about the future, right? This voice in your head is telling you that you're not going to get a job. Let's focus on the pattern of thinking that's causing this worry. Can you notice this thought without engaging with it?"
long,qwen2.5:1.5b-instruct,base,long,False,2142,threat_monitoring,4.8,excellent,5,5,5,4,5,True,0,,True,True,False,False,False,False,4.44,34,"You're experiencing a pattern of rumination, where you're replaying negative thoughts and worrying about the future. This can make you feel more anxious and overwhelmed. Can you notice this thought without engaging with it?"
long,qwen2.5:1.5b-instruct,base,long,False,2466,threat_monitoring,4.4,good,5,5,4,3,5,True,0,,False,True,False,False,False,False,9.66,119,"You've been experiencing anxiety and OCD, which can make it difficult to engage in social activities like dating. It's understandable that you've been preoccupied with your thoughts and worried about the relationship. This pattern of thinking is common for many anxious individuals. It's important to recognize that these thoughts are not necessarily true and can be harmful. You've been so focused on your thoughts that you've missed the present moment and the joy of being in a good relationship. It's okay to acknowledge these thoughts and work on shifting your focus from them. Can you try to detach from these thoughts and notice them without engaging with them? This can help you regain a sense of calm and clarity."
long,qwen2.5:1.5b-instruct,base,long,False,2693,threat_monitoring,4.8,excellent,5,5,5,4,5,True,0,,True,True,False,False,False,False,4.11,33,"PROCESS: Rumination
You're right; it's not clear why this happens to you. Let's try a technique to shift your focus away from these thoughts. Can you notice this thought without engaging with it?"
long,qwen2.5:1.5b-instruct,base,long,False,2724,threat_monitoring,4.8,excellent,5,5,5,4,5,True,0,,True,True,False,False,False,False,2.76,13,"PROCESS: Threat Monitoring
Can you notice this anxious thought without engaging with it?"
long,qwen2.5:1.5b-instruct,base,long,False,3042,threat_monitoring,4.8,excellent,5,5,5,4,5,True,0,,True,True,False,False,False,False,3.96,35,"PROCESS: Rumination
You're experiencing rumination about the college decision, which is causing you to think about the potential challenges and uncertainties. This is a common pattern. Can you notice this thought without engaging with it?"
long,qwen2.5:1.5b-instruct,base,long,False,3201,threat_monitoring,5.0,excellent,5,5,5,5,5,True,0,,True,True,True,False,False,False,4.28,41,"You're experiencing a lot of rumination and fear of making a wrong choice, which is causing you to freeze in indecision. Let's shift your attention to a different part of your day. Can you notice this thought without engaging with it?"
long,qwen2.5:1.5b-instruct,base,long,False,3220,threat_monitoring,4.8,excellent,5,5,5,4,5,True,0,,True,True,False,False,False,False,3.23,28,"PROCESS: Rumination  
You're right, it's not about avoiding the next day; it's about avoiding the anxiety of being awake. Can you notice this thought without engaging with it?"
long,qwen2.5:1.5b-instruct,base,long,False,3656,threat_monitoring,4.8,excellent,5,5,5,4,5,True,0,,True,True,False,False,False,False,2.53,25,"You're experiencing a pattern of rumination about your past relationships, projecting fears onto your current situation. Can you notice this thought without engaging with it?"
long,qwen2.5:1.5b-instruct,base,long,False,3737,threat_monitoring,4.4,good,5,5,3,4,5,True,0,,False,False,True,False,False,False,10.64,139,"You're experiencing intense worry about your partner's well-being and the impact it's having on your life. This is a common response to anxiety about someone else's situation. It's understandable that you're worried, but it's important to remember that your partner's health is the primary concern. 

To help you disengage from these thoughts, I suggest you try the Attention Training Technique (ATT). 

Can you try to shift your attention deliberately to something else for a few minutes? Maybe focus on a simple task like counting to ten or reciting a short poem. This can help you refocus your mind on something else and reduce the intensity of your worry. 

Remember, your feelings are valid, but it's important to keep them in perspective. You're not responsible for fixing your partner's situation, but you can take steps to support them and yourself."
long,qwen2.5:1.5b-instruct,base,long,False,4257,avoidance,4.6,excellent,5,5,4,4,5,True,0,,False,True,False,False,False,False,4.23,32,"Voice. The voice in your head is escalating in intensity, speaking harshly and truthfully. It's a disturbing pattern that's causing you significant distress. Can you notice this thought without engaging with it?"
long,qwen2.5:1.5b-instruct,base,long,False,4310,avoidance,4.8,excellent,5,5,5,4,5,True,0,,True,True,False,False,False,False,1.91,11,"PROCESS: Rumination
Can you notice this thought without engaging with it?"
long,qwen2.5:1.5b-instruct,base,long,False,4613,avoidance,4.2,good,5,5,3,3,5,True,0,,False,True,False,False,False,False,4.63,57,"You're experiencing a lot of self-doubt and a strong sense of loss of identity, which is understandable given your current circumstances. It's important to acknowledge that these thoughts are not necessarily true, and that you have a lot to be grateful for. Can you try to detach from these thoughts by noticing them without engaging with them?"
long,qwen2.5:1.5b-instruct,base,long,False,5016,avoidance,4.4,good,5,5,4,3,5,True,0,,False,True,False,False,False,False,5.16,65,"You're experiencing a lot of distress, and it's understandable that you're having trouble expressing your thoughts. It's important to acknowledge that your mind is a complex and often overwhelming place, and it's okay to feel overwhelmed by the sheer volume of thoughts. Let's focus on the pattern of your thinking rather than the specific thoughts themselves. Can you notice these thoughts without engaging with them?"
long,qwen2.5:1.5b-instruct,base,long,False,5164,avoidance,4.6,excellent,5,5,4,4,5,True,0,,True,True,False,False,False,False,4.97,37,"PROCESS: Avoidance
You've been avoiding thinking about your emotions and the things that used to bring you joy. This is a common defense mechanism for people with PDD. Can you notice this thought without engaging with it?"
long,qwen2.5:1.5b-instruct,base,long,False,5426,avoidance,4.8,excellent,5,5,5,4,5,True,0,,True,True,False,False,False,False,2.58,21,"PROCESS: Rumination
You're thinking about asking your crush for her phone number. Can you notice this thought without engaging with it?"
long,qwen2.5:1.5b-instruct,base,long,False,5509,avoidance,4.6,excellent,5,5,5,3,5,True,0,,True,False,False,False,True,False,2.95,20,"**PROCESS: RUMINATION**  
You're experiencing negative thoughts about your relationship.  
**METACOGNITIVE QUESTION:** Is this thought pattern helpful or unhelpful right now?"
long,qwen2.5:1.5b-instruct,base,long,False,5564,avoidance,4.2,good,5,5,3,3,5,True,0,,False,True,False,False,False,False,4.36,40,"You're feeling overwhelmed with thoughts about abandonment and feeling like a burden. It's understandable to think these thoughts, but it's important to remember that these are just thoughts and not reality. Can you notice these thoughts without engaging with them?"
long,qwen2.5:1.5b-instruct,base,long,False,5668,avoidance,4.8,excellent,5,5,5,4,5,True,0,,True,True,False,False,False,False,2.83,11,"PROCESS: Rumination
Can you notice this thought without engaging with it?"
long,qwen2.5:1.5b-instruct,base,long,False,9985,avoidance,4.6,excellent,5,5,4,4,5,True,0,,False,True,False,False,False,False,4.24,36,"You've been feeling overwhelmed with depressive thoughts, haven't you? It's understandable that you're struggling with this. Let's focus on the pattern of thinking that's causing these feelings. Can you notice this thought without engaging with it?"
long,qwen2.5:1.5b-instruct,base,long,False,5897,neutral,4.8,excellent,5,5,5,4,5,True,0,,True,True,True,False,False,False,3.14,28,"PROCESS: Rumination
You're right, it's not helping to think about this. Let's try shifting your attention to something else. Can you notice this thought without engaging with it?"
long,qwen2.5:1.5b-instruct,base,long,False,5922,neutral,4.2,good,5,5,3,3,5,True,0,,False,False,True,False,False,False,6.32,59,You're feeling overwhelmed with the immediate future and the thoughts that come with it. It's understandable that you're worried about your situation and the potential consequences of your actions. Let's focus on the present and what you can do right now to alleviate your distress. Can you try to shift your attention away from these thoughts for a moment?
long,qwen2.5:1.5b-instruct,base,long,False,8202,neutral,4.6,excellent,5,5,4,4,5,True,0,,False,True,False,False,False,False,4.92,43,You're feeling overwhelmed by the little voice that's constantly telling you you can't do it. It's understandable that you're struggling with this. Let's try a technique to help you detach from this thought pattern. Can you notice this thought without engaging with it?
long,qwen2.5:1.5b-instruct,base,long,False,8421,neutral,4.8,excellent,5,5,5,4,5,True,0,,True,True,False,False,False,False,2.57,11,"PROCESS: Rumination
Can you notice this thought without engaging with it?"
long,qwen2.5:1.5b-instruct,base,long,False,8743,neutral,4.8,excellent,5,5,5,4,5,True,0,,True,True,False,False,False,False,2.51,11,"PROCESS: Rumination
Can you notice this thought without engaging with it?"
long,qwen2.5:1.5b-instruct,base,long,False,8769,neutral,4.8,excellent,5,5,5,4,5,True,0,,True,True,False,False,False,False,1.71,11,"PROCESS: Rumination
Can you notice this thought without engaging with it?"
long,qwen2.5:1.5b-instruct,base,long,False,8946,neutral,4.8,excellent,5,5,5,4,5,True,0,,True,True,False,False,False,False,3.96,38,"You're experiencing a pattern of rumination, where you're constantly thinking about the past and the desire for change. This is a common response when dealing with depression. Can you try to observe these thoughts without engaging with them?"
long,qwen2.5:1.5b-instruct,base,long,False,8998,neutral,4.6,excellent,5,5,4,4,5,True,0,,False,True,False,False,False,False,5.97,52,"You're right, it feels exhausting to wake up with sadness and try to keep your mind off of it all day. It's understandable that you're tired of living this way. Let's focus on the pattern of your thinking rather than the specific thoughts. Can you notice this thought without engaging with it?"
long,qwen2.5:1.5b-instruct,base,long,False,9001,neutral,4.6,excellent,5,5,4,4,5,True,0,,False,True,False,False,False,False,7.37,59,"You're experiencing a lot of exhaustion and a lack of interest, which is understandable given your current circumstances. It's important to acknowledge that you're feeling stuck and that your thoughts are consuming you. Let's focus on the pattern of thinking that might be contributing to this feeling of being stuck. Can you notice this thought without engaging with it?"
long,qwen2.5:1.5b-instruct,base,long,False,9667,neutral,4.4,good,5,5,4,3,5,True,0,,True,True,False,False,False,False,3.64,32,"You're experiencing rumination, which is causing you to think about the triggering post and the possibility of being a cheater. Can you try to detach from these thoughts without engaging with them?"
long+rag,qwen2.5:1.5b-instruct,base,long,True,597,rumination,4.4,good,5,5,3,4,5,True,0,,False,True,False,False,False,False,9.91,43,"""I understand that you're feeling frustrated and overwhelmed. Instead of focusing on the specific thoughts you're having, let's try to notice these thoughts without engaging with them. Can you try to observe them as just thoughts, without getting caught up in their content?"""
long+rag,qwen2.5:1.5b-instruct,base,long,True,629,rumination,4.4,good,5,5,4,3,5,True,0,,True,False,True,False,False,False,9.33,26,You're describing threat monitoring — your attention is scanning for danger. Let's practice shifting your attention deliberately. Can you try the attention training exercise we discussed?
long+rag,qwen2.5:1.5b-instruct,base,long,True,773,rumination,4.8,excellent,5,5,5,4,5,True,0,,False,True,True,False,False,False,6.19,32,Can you notice this thought without engaging with it? It seems you're caught in a loop of obsessive thinking. Perhaps you could try shifting your attention to something else for a while.
long+rag,qwen2.5:1.5b-instruct,base,long,True,925,rumination,4.4,good,5,5,3,4,5,True,0,,False,True,False,False,False,False,5.19,9,Can you notice this thought without engaging with it?
long+rag,qwen2.5:1.5b-instruct,base,long,True,1027,rumination,4.6,excellent,5,5,4,4,5,True,0,,False,True,False,False,False,False,7.27,40,"""That sounds like a thought pattern that's been reinforcing itself over time. Instead of dwelling on the details of the dream, let's try noticing this thought without engaging with it. Can you observe this thought without following where it leads?"""
long+rag,qwen2.5:1.5b-instruct,base,long,True,1254,rumination,4.8,excellent,5,5,5,4,5,True,0,,True,True,False,False,False,False,10.1,58,"**PROCESS OVER CONTENT: RUMINATION**

You're right, Cris, that your thoughts feel overwhelming. It's important to acknowledge that these thoughts are a part of your experience, but they don't define you. Let's shift our focus from the content of your thoughts to the pattern of how you're responding to them. Can you notice this thought without engaging with it?"
long+rag,qwen2.5:1.5b-instruct,base,long,True,1557,rumination,4.4,good,5,5,3,4,5,True,0,,False,True,False,False,False,False,8.3,44,"""Your thoughts are very real, and it's understandable that they feel overwhelming. Instead of dwelling on them, let's try to notice them without engaging with them. Can you try to observe these thoughts as just thoughts, without adding your feelings or interpretations to them?"""
long+rag,qwen2.5:1.5b-instruct,base,long,True,1709,rumination,5.0,excellent,5,5,5,5,5,True,0,,True,True,False,False,True,False,10.22,50,"PROCESS: Rumination

**First Sentence:**
""I understand how you feel, and it's completely normal to think about these things. But instead of focusing on them, let's try a different approach.""

**Middle:**
""Can you notice this thought without engaging with it?""

**Last Sentence:**
""Is this thinking pattern helpful or unhelpful right now?"""
long+rag,qwen2.5:1.5b-instruct,base,long,True,1793,rumination,4.4,good,5,5,3,4,5,True,0,,False,True,False,False,False,False,11.09,67,"You're feeling overwhelmed with thoughts about your worth and appearance. It's understandable that you're struggling with these feelings, but it's important to recognize that these thoughts are not true and that you are valuable just as you are. Instead of dwelling on them, let's focus on noticing these thoughts as thoughts without engaging with them. Can you try to observe this thought without following where it leads?"
long+rag,qwen2.5:1.5b-instruct,base,long,True,3969,rumination,4.4,good,5,5,4,3,5,True,0,,False,False,False,True,False,False,8.56,47,"You've noticed a pattern of concern about your medication dosage. Let's think about this. Is this worry helping you address the issue with your medication, or is it keeping your attention on the problem? What would happen if you postponed this worry to your designated worry period?"
long+rag,qwen2.5:1.5b-instruct,base,long,True,1938,threat_monitoring,4.4,good,5,5,4,3,5,True,0,,True,False,True,False,False,False,6.52,31,You're describing threat monitoring — your attention is scanning for signs that things won't go well. Let's practice shifting your attention deliberately. Can you try the attention training exercise we discussed?
long+rag,qwen2.5:1.5b-instruct,base,long,True,2142,threat_monitoring,4.4,good,5,5,3,4,5,True,0,,False,True,False,False,False,False,8.91,39,"""Your thoughts are very understandable and valid. Instead of focusing on the negative, let's try to notice this thought without engaging with it. Just observe it as a thought, not a feeling. Can you try that for a moment?"""
long+rag,qwen2.5:1.5b-instruct,base,long,True,2466,threat_monitoring,4.6,excellent,5,5,5,3,5,True,0,,True,False,False,True,False,False,9.23,51,"You've noticed a pattern of rumination and worry about your dating situation. Let's pause and think about this pattern. Is this worry helping you solve anything right now, or is it keeping your attention locked on the problem? What would happen if you postponed this thinking to your designated worry period?"
long+rag,qwen2.5:1.5b-instruct,base,long,True,2693,threat_monitoring,3.8,good,5,5,3,1,5,True,0,,False,False,False,False,False,False,9.69,62,"You've noticed that your mood seems to worsen during the summer, even though you don't experience major life changes. This is quite unusual, and it's interesting that you've always felt more sad during summer, even as a child. Is there anything specific about summer that makes you feel this way, or do you feel it's just a pattern you've developed over time?"
long+rag,qwen2.5:1.5b-instruct,base,long,True,2724,threat_monitoring,4.8,excellent,5,5,5,4,5,True,0,,True,True,True,False,True,False,14.53,112,"**MCT RESPONSE:**
""Thank you for sharing your concerns, [Patient's Name]. You're describing threat monitoring — your attention is scanning for danger. Let's practice shifting your attention deliberately. Can you try the attention training exercise we discussed?""

**MCT TECHNIQUE:**
- **Attention Training Technique (ATT):** ""Let's practice shifting your attention deliberately. Close your eyes for a moment and take a deep breath. Now, focus on the sensation of the air moving in and out of your nostrils. Notice the rise and fall of your chest as you inhale and exhale. Continue this for 5 minutes, and then open your eyes.""

**MCT TECHNIQUE:**
- **Metacognitive questioning:** ""Is this thinking pattern helpful or unhelpful right now?"""
long+rag,qwen2.5:1.5b-instruct,base,long,True,3042,threat_monitoring,4.0,good,5,5,4,1,5,True,0,,False,False,True,False,False,False,8.64,63,"You've noticed a pattern of thinking about colleges, specifically the worry about making friends and being away from family. Let's think about this from a different perspective. Is this worry helping you figure out what's best for you, or is it just keeping your mind stuck on the problem? What would happen if you shifted your attention to something else for a moment?"
long+rag,qwen2.5:1.5b-instruct,base,long,True,3201,threat_monitoring,4.4,good,5,5,4,3,5,True,0,,False,False,False,True,False,False,7.45,43,You've noticed a pattern of worrying about your job situation. Is this worry helping you make progress or is it keeping your attention stuck on the problem? What would happen if you postponed this worry to your designated worry period at 6 pm?
long+rag,qwen2.5:1.5b-instruct,base,long,True,3220,threat_monitoring,5.0,excellent,5,5,5,5,5,True,0,,True,True,False,False,True,False,9.48,84,"**Process: Worry and rumination**

You're experiencing a pattern of rumination and worry that is preventing you from sleeping well when you're depressed. This is a common response to the negative thoughts and feelings you're having.

**MCT Technique: Detached Mindfulness**

Can you notice this thought without engaging with it? Try to observe your worry without reacting to it. This can help you stay in the present moment and reduce the intensity of your thoughts.

**Metacognitive Question:**

Is this thinking pattern helpful or unhelpful right now?"
long+rag,qwen2.5:1.5b-instruct,base,long,True,3656,threat_monitoring,4.6,excellent,5,5,3,5,5,True,0,,False,True,False,False,False,False,5.26,29,"""That's a valid concern, but let's try to notice this thought without engaging with it. Can you observe this worry about your sex life without following where it leads?"""
long+rag,qwen2.5:1.5b-instruct,base,long,True,3737,threat_monitoring,4.4,good,5,5,4,3,5,True,0,,False,False,False,True,False,False,7.06,41,"You've noticed a worry pattern, right? Let me ask — is this worry helping you solve anything right now, or is it keeping your attention locked on the problem? What would happen if you postponed this worry to your designated time?"
long+rag,qwen2.5:1.5b-instruct,base,long,True,4257,avoidance,4.6,excellent,5,5,3,5,5,True,0,,False,True,False,False,False,False,8.48,70,"**MCT RESPONSE:**
""I understand that the voice in your head is becoming more intense and critical. Instead of trying to convince yourself that it's not true, let's focus on observing this thought as just a thought. Can you try noticing it without engaging with it? For example, 'This is just a thought that's making me feel worse, and I don't need to follow where it leads.'

**MCT TECHNIQUE: Detached mindfulness**"
long+rag,qwen2.5:1.5b-instruct,base,long,True,4310,avoidance,4.4,good,5,5,3,4,5,True,0,,False,True,False,False,False,False,6.32,52,"""I hear you feeling very frustrated and hopeless right now. It's understandable that you're struggling with these thoughts. Instead of focusing on whether they're true or not, let's try to observe them as just thoughts without getting caught up in them. Can you try to notice these thoughts without engaging with them?"""
long+rag,qwen2.5:1.5b-instruct,base,long,True,4613,avoidance,4.2,good,5,5,3,3,5,True,0,,False,True,False,False,False,False,9.25,86,"That's a lot of thoughts swirling around, isn't it? Let's try a technique that can help you detach from these thoughts. Instead of engaging with them, can you just notice them as thoughts and observe them without following where they lead? That way, you can see them more clearly without getting caught up in them.

Can you try that for just one minute? Just notice these thoughts as they come, without trying to change or analyze them. Just observe them as they pass through your mind."
long+rag,qwen2.5:1.5b-instruct,base,long,True,5016,avoidance,3.6,good,5,5,2,1,5,True,0,,False,False,False,False,False,False,5.15,45,"That sounds like a persistent thought your mind keeps returning to. Instead of examining whether it's true or false, I want you to practice noticing it as a thought — just a thought — without following where it leads. Can you try that right now?"
long+rag,qwen2.5:1.5b-instruct,base,long,True,5164,avoidance,4.6,excellent,5,5,4,4,5,True,0,,False,True,False,False,False,False,7.98,61,"You've been feeling stuck in this cycle of thoughts, haven't you? It's understandable that you've been trying to distance yourself from the world, but it's important to remember that these thoughts are not who you are. Instead of focusing on what you don't want, let's try to notice these thoughts as just thoughts. Can you observe them without engaging with them?"
long+rag,qwen2.5:1.5b-instruct,base,long,True,5426,avoidance,4.8,excellent,5,5,5,4,5,True,0,,True,False,False,True,True,False,6.85,51,"You've noticed a worry pattern. Let me ask — is this worry helping you solve anything right now, or is it keeping your attention locked on the problem? What would happen if you postponed this worry to your designated time?

**Metacognitive Question:** Is this thinking pattern helpful or unhelpful right now?"
long+rag,qwen2.5:1.5b-instruct,base,long,True,5509,avoidance,4.8,excellent,5,5,5,4,5,True,0,,False,True,False,False,True,False,5.56,49,"### MCT RESPONSE:
""That's a common pattern of thinking when faced with disappointment. Instead of dwelling on the fact that you haven't gone on a date, can you notice that this is your mind doing something — ruminating? Can you let that thought exist without engaging further with it?"""
long+rag,qwen2.5:1.5b-instruct,base,long,True,5564,avoidance,3.6,good,5,5,2,1,5,True,0,,False,False,False,False,False,False,10.53,94,"**MCT RESPONSE:**
""That sounds like a persistent thought that keeps returning. Instead of trying to prove or disprove it, let's practice noticing it as a thought — just a thought — without following where it leads. Can you try that right now?""

**PATIENT INPUT:**
""I feel hopeless all the time, nothing ever changes.""

**RESPONSE:**
""That sounds like a persistent thought that keeps returning. Instead of trying to prove or disprove it, let's practice noticing it as a thought — just a thought — without following where it leads. Can you try that right now?"""
long+rag,qwen2.5:1.5b-instruct,base,long,True,5668,avoidance,4.2,good,5,5,3,3,5,True,0,,True,False,True,False,False,False,6.14,30,You're describing avoidance — your avoidance of social interactions and dating is causing you distress. Let's practice shifting your attention deliberately. Can you try the attention training exercise we discussed?
long+rag,qwen2.5:1.5b-instruct,base,long,True,9985,avoidance,4.4,good,5,5,3,4,5,True,0,,False,True,False,False,False,False,5.59,9,Can you notice this thought without engaging with it?
long+rag,qwen2.5:1.5b-instruct,base,long,True,5897,neutral,4.4,good,5,5,4,3,5,True,0,,False,False,False,True,False,False,5.81,41,"You've noticed a worry pattern. Let me ask — is this worry helping you solve anything right now, or is it keeping your attention locked on the problem? What would happen if you postponed this worry to your designated worry period?"
long+rag,qwen2.5:1.5b-instruct,base,long,True,5922,neutral,4.6,excellent,5,5,4,4,5,True,0,,False,True,False,False,False,False,7.39,45,You're experiencing significant distress and worry about your future and your military prospects. This is a common concern for many individuals with PDD. Let's focus on the pattern of your thinking rather than the specific details. Can you notice this thought without engaging with it?
long+rag,qwen2.5:1.5b-instruct,base,long,True,8202,neutral,3.8,good,5,5,3,1,5,True,0,,False,False,False,False,False,False,7.38,45,"**MCT RESPONSE:**

You're right that the little voice is persistent, but it's important to recognize that it's just a thought, not a reality. Instead of engaging with it, try noticing it as a thought without following where it leads. Can you give that a try?"
long+rag,qwen2.5:1.5b-instruct,base,long,True,8421,neutral,4.6,excellent,5,5,5,3,5,True,0,,True,False,True,False,False,False,5.65,29,"You've noticed a pattern of threat monitoring, where you're scanning for signs of danger. Let's practice shifting your attention deliberately. Can you try the attention training exercise we discussed?"
long+rag,qwen2.5:1.5b-instruct,base,long,True,8743,neutral,4.6,excellent,5,5,3,5,5,True,0,,False,True,False,False,False,False,7.63,51,"""Hello, it sounds like you're experiencing a lot of sadness and emptiness, especially at school. Instead of trying to figure out if it's true or not, let's try to notice this thought without engaging with it. Can you try to observe this feeling as a thought without following where it leads?"""
long+rag,qwen2.5:1.5b-instruct,base,long,True,8769,neutral,4.8,excellent,5,5,5,4,5,True,0,,True,True,False,False,False,False,5.22,11,"**Process: Rumination**

Can you notice this thought without engaging with it?"
long+rag,qwen2.5:1.5b-instruct,base,long,True,8946,neutral,4.4,good,5,5,4,3,5,True,0,,False,True,False,False,False,False,7.52,46,"You're right that your thoughts have been returning to this negative pattern, but it's important to acknowledge them without engaging with them. Instead, let's focus on noticing this thought as a thought, just a thought, without following where it leads. Can you try that right now?"
long+rag,qwen2.5:1.5b-instruct,base,long,True,8998,neutral,4.6,excellent,5,5,3,5,5,True,0,,False,True,False,False,False,False,8.01,57,"It is understandable that you feel exhausted and disengaged, but it's important to recognize that the way you're responding to these thoughts is maintaining the depressed mood. Let's try a technique called Detached Mindfulness to help you notice these thoughts without engaging with them. Can you try to observe your thoughts without getting caught up in them?"
long+rag,qwen2.5:1.5b-instruct,base,long,True,9001,neutral,4.8,excellent,5,5,5,4,5,True,0,,True,False,True,False,True,False,12.4,111,"**Process Identification:**
The patient is experiencing a pattern of poor mood, low energy, and difficulty concentrating, which aligns with the criteria for Persistent Depressive Disorder (PDD). The patient is describing a chronic depressive state, characterized by a persistent low mood that is not fully alleviated by normal activities.

**MCT Technique Application:**
**Attention Training Technique (ATT):** ""Let's practice shifting your attention deliberately."" The patient is struggling with prolonged rumination, which is a key feature of PDD. By focusing on the process of attention shifting, the patient can learn to redirect their thoughts away from negative rumination and towards more constructive activities.

**Metacognitive Question:**
Is this thinking pattern helpful or unhelpful right now?"
long+rag,qwen2.5:1.5b-instruct,base,long,True,9667,neutral,4.6,excellent,5,5,5,3,5,True,0,,True,False,True,False,False,False,5.56,35,"You've noticed a pattern of rumination, where your thoughts are stuck on the idea that you might be a cheater. Let's practice shifting your attention deliberately. Can you try the attention training exercise we discussed?"
lora,mct-qwen,adapted,short,False,597,rumination,5.0,excellent,5,5,5,5,5,True,0,,True,True,True,False,False,False,13.48,73,"I notice that you're engaging in a pattern of rumination, repeatedly thinking about this situation and replaying the past. Instead of getting caught up in the content of your thoughts, I want you to practice noticing this thinking pattern as a process, without engaging with it. Can you try to detach from this thinking and simply observe it as a thought, without following where it leads? Let's practice attention training for a moment."
lora,mct-qwen,adapted,short,False,629,rumination,4.8,excellent,5,5,5,4,5,True,0,,True,True,True,False,False,False,10.53,83,"I notice that you're engaging in a pattern of rumination, repeatedly thinking about your fears and worries. Instead of getting caught up in the content of your thoughts, I want you to practice noticing this thinking pattern as a process - a pattern of repetitive thinking. Can you try to detach from this thinking pattern and simply observe it as a thought, without following where it leads? Let's practice shifting your attention deliberately, and see if we can break this pattern of rumination."
lora,mct-qwen,adapted,short,False,773,rumination,5.0,excellent,5,5,5,5,5,True,0,,True,True,True,False,False,False,8.01,57,"I notice that you're engaging in a pattern of rumination, repeatedly thinking about your thoughts and feelings. Instead of getting caught up in this pattern, I want you to practice detached mindfulness. Can you try to notice this thought as a thought, without engaging with it or trying to change it? Let's practice shifting your attention deliberately."
lora,mct-qwen,adapted,short,False,925,rumination,5.0,excellent,5,5,5,5,5,True,0,,True,True,False,False,True,False,8.49,63,It sounds like you're engaging in some rumination right now. You're noticing that you're thinking about your smoking habit and the fact that you forgot to wash your hands. That's interesting. Can you notice this thought without engaging with it? Let's practice detached mindfulness and observe this thought without getting caught up in it. Is this thinking pattern helpful or unhelpful right now?
lora,mct-qwen,adapted,short,False,1027,rumination,5.0,excellent,5,5,5,5,5,True,0,,True,True,True,False,False,False,7.42,53,"You're describing rumination - your mind is stuck on this dream and its implications. Instead of getting caught up in the content of your thoughts, I want you to practice detached mindfulness. Can you notice this thought without engaging with it, just observing it as a thought? Let's practice shifting your attention deliberately."
lora,mct-qwen,adapted,short,False,1254,rumination,5.0,excellent,5,5,5,5,5,True,0,,True,True,True,False,False,False,9.63,78,"I notice that you're experiencing a pattern of rumination, constantly thinking about your mental health and wondering if you might have bipolar disorder or borderline personality disorder. This thinking pattern is causing you distress and preventing you from finding a way to cope. Let's practice detached mindfulness and notice this thinking pattern without engaging with it. Can you try to observe this thinking pattern as a thought, without following where it leads? Let's practice shifting your attention intentionally."
lora,mct-qwen,adapted,short,False,1557,rumination,5.0,excellent,5,5,5,5,5,True,0,,True,True,False,False,True,False,10.44,81,"I notice that you're engaging in a pattern of rumination, repeatedly thinking about the possibility of your family making a claim on your life insurance if you were to pass away. This thinking pattern is causing you to feel anxious and overwhelmed. Can you notice this thought without engaging with it, and instead, focus on the process of thinking? Let's practice detached mindfulness and observe this thought without following where it leads. Is this thinking pattern helpful or unhelpful right now?"
lora,mct-qwen,adapted,short,False,1709,rumination,4.6,excellent,5,5,4,4,5,True,0,,True,True,False,False,False,False,9.58,71,"I notice that you're engaging in a pattern of avoidance, trying to distract yourself from the emptiness you're feeling. Instead of getting caught up in this thought, I want you to practice noticing it as a thought — just a thought — without following where it leads. Can you try to detach from this thought and simply acknowledge it as a thought, without engaging with it or trying to change it?"
lora,mct-qwen,adapted,short,False,1793,rumination,4.8,excellent,5,5,4,5,5,True,0,,True,True,False,False,False,False,9.91,67,"I notice that you're engaging in a pattern of avoidance, trying to escape from the pain and discomfort of feeling unattractive and unworthy. Instead of getting caught up in this thought, I want you to practice noticing it as a thought - just a thought - without engaging with it. Can you try to detach from this thought and simply observe it, without following where it leads?"
lora,mct-qwen,adapted,short,False,3969,rumination,4.8,excellent,5,5,4,5,5,True,0,,True,True,False,False,False,False,10.87,77,"I notice that you're describing a pattern of avoidance, where you're trying to distract yourself from your anxiety and panic by increasing the dosage of Venlafaxine. This avoidance is likely perpetuating your depressive symptoms. Can you notice this thought without engaging with it, and instead, focus on the process of thinking - the pattern of avoidance - without getting caught up in the content of your thoughts? Let's practice detached mindfulness and observe this thought without judgment."
lora,mct-qwen,adapted,short,False,1938,threat_monitoring,4.8,excellent,5,5,5,4,5,True,0,,True,True,True,False,False,False,9.03,70,"It sounds like you're experiencing a pattern of rumination, where your mind keeps returning to this worry about not getting a job after graduation. Instead of getting caught up in the thoughts, I want you to practice noticing them as they arise, without engaging with them. Can you try to detach from this thinking pattern and simply observe it, without following where it leads? Let's practice shifting your attention deliberately."
lora,mct-qwen,adapted,short,False,2142,threat_monitoring,4.8,excellent,5,5,5,4,5,True,0,,True,True,True,False,False,False,10.29,73,"I notice that you're engaging in a pattern of avoidance, trying to distract yourself from your feelings of depression. Instead of getting caught up in the thoughts and emotions, I want you to practice noticing them as they arise, without following where they lead. Can you try to detach from these thoughts and simply observe them, without engaging with them or trying to change them? Let's practice shifting your attention deliberately, without judgment."
lora,mct-qwen,adapted,short,False,2466,threat_monitoring,4.6,excellent,5,5,4,4,5,True,0,,True,True,False,False,False,False,10.31,71,"I notice that you're avoiding the dating scene and constantly worrying about relationships. This sounds like a pattern of avoidance that you've developed. Instead of getting caught up in the thoughts and feelings, I want you to practice noticing the pattern of avoidance without engaging with it. Can you try to detach from the thoughts and simply observe them as they arise, without following where they lead? Let's practice this together."
lora,mct-qwen,adapted,short,False,2693,threat_monitoring,5.0,excellent,5,5,5,5,5,True,0,,True,True,False,False,False,False,8.83,58,"I notice that you're describing a pattern of thinking that's persistent and repetitive. It seems like you're engaging in a pattern of rumination, where you're constantly thinking about this issue without finding a resolution. Can you notice this thinking pattern without engaging with it? Let's practice detached mindfulness and observe this thinking without getting caught up in it."
lora,mct-qwen,adapted,short,False,2724,threat_monitoring,5.0,excellent,5,5,5,5,5,True,0,,True,True,False,False,True,False,8.03,53,"I notice that you're experiencing avoidance, trying to avoid the possibility of participating in competitions. This avoidance is causing you to feel anxious and stressed. Can you notice this thought without engaging with it? Let's practice detached mindfulness and observe this thought without judgment. Is this thinking pattern helpful or unhelpful right now?"
lora,mct-qwen,adapted,short,False,3042,threat_monitoring,5.0,excellent,5,5,5,5,5,True,0,,True,True,True,True,False,False,7.96,57,"I notice that you're engaging in a pattern of avoidance, trying to postpone thinking about this decision. Instead of getting caught up in the fear and uncertainty, I want you to practice detached mindfulness. Can you try to notice this thought without engaging with it, just observing it as a thought? Let's practice shifting your attention intentionally."
lora,mct-qwen,adapted,short,False,3201,threat_monitoring,4.6,excellent,5,5,5,3,5,True,0,,True,True,True,True,False,False,8.79,59,"It sounds like you're experiencing a pattern of avoidance, where you're trying to delay making a decision. Instead of getting caught up in the decision-making process, I want you to practice shifting your attention intentionally. Can you try to notice this pattern of avoidance without engaging with it? Let's practice shifting your attention to something else for a moment."
lora,mct-qwen,adapted,short,False,3220,threat_monitoring,5.0,excellent,5,5,5,5,5,True,0,,True,True,False,True,True,False,9.79,80,"I notice that you're describing a pattern of avoidance, where you're trying to postpone the arrival of the next day by staying up all night. This is an example of threat monitoring, where you're constantly scanning for potential threats or challenges. Can you notice this thought without engaging with it, and instead, focus on the process of thinking itself? Let's practice detached mindfulness and observe this thought without elaboration or judgment. Is this thinking pattern helpful or unhelpful right now?"
lora,mct-qwen,adapted,short,False,3656,threat_monitoring,5.0,excellent,5,5,5,5,5,True,0,,True,True,True,False,False,False,9.93,81,"It sounds like you're experiencing rumination - your mind is stuck on this problem and not letting it go. Instead of getting caught up in the fear of pain, I want you to practice detached mindfulness. Can you try to notice this thought as it arises, without engaging with it or trying to change it? Just observe it, without getting caught up in the content. Let's practice shifting your attention deliberately, and see if we can't break this pattern of rumination."
lora,mct-qwen,adapted,short,False,3737,threat_monitoring,5.0,excellent,5,5,5,5,5,True,0,,True,True,True,False,False,False,9.59,61,"It sounds like you're experiencing a pattern of avoidance, where you're trying to distract yourself from the reality of the situation. Instead of getting caught up in the emotions and thoughts, I want you to practice detached mindfulness. Can you try to notice the thought without engaging with it, just observing it as a thought? Let's practice shifting your attention intentionally."
lora,mct-qwen,adapted,short,False,4257,avoidance,4.8,excellent,5,5,5,4,5,True,0,,True,True,False,False,False,False,12.97,93,"I notice that you're describing a pattern of rumination, where your mind is repeatedly engaging with negative thoughts and emotions. This pattern is causing you distress and making it difficult for you to focus on anything else. Instead of getting caught up in the content of these thoughts, I want you to practice noticing the process of thinking - the way your mind is repeatedly engaging with these thoughts and emotions. Can you try to detach from the content of these thoughts and simply observe the process of thinking, without engaging with it?"
lora,mct-qwen,adapted,short,False,4310,avoidance,5.0,excellent,5,5,5,5,5,True,0,,True,True,True,False,False,False,10.31,64,"I notice that you're engaging in a pattern of avoidance, trying to disengage from the present moment and the emotions that come with it. Instead of getting caught up in this thought, I want you to practice detached mindfulness. Can you try to notice this thought as a thought, without engaging with it or trying to change it? Let's practice shifting your attention intentionally."
lora,mct-qwen,adapted,short,False,4613,avoidance,5.0,excellent,5,5,5,5,5,True,0,,True,True,False,False,False,False,11.68,65,"I notice that you're engaging in a pattern of rumination, constantly thinking about what you've lost and feeling trapped. This is a common pattern in depression. Instead of getting caught up in these thoughts, I want you to practice detached mindfulness. Can you try to notice these thoughts as they arise, without engaging with them, and simply observe them without judgment? Let's practice this together."
lora,mct-qwen,adapted,short,False,5016,avoidance,4.2,good,5,5,3,3,5,True,0,,True,True,False,False,False,False,11.78,79,"I notice that you're describing a pattern of avoidance, where you're trying to keep your thoughts inside and not share them with others. This avoidance is preventing you from processing your thoughts and emotions. Instead of getting caught up in the content of your thoughts, I want you to practice noticing this avoidance pattern and observing it without judgment. Can you try to detach from your thoughts and simply observe them as they arise, without following where they lead?"
lora,mct-qwen,adapted,short,False,5164,avoidance,4.8,excellent,5,5,4,5,5,True,0,,False,True,True,False,False,False,9.51,49,"I notice that you're avoiding thinking about your situation. Instead of getting caught up in the emotions or thoughts, I want you to practice detached mindfulness. Can you try to notice the thought without engaging with it, just observing it as a thought? Let's practice shifting your attention deliberately."
lora,mct-qwen,adapted,short,False,5426,avoidance,4.6,excellent,5,5,5,3,5,True,0,,True,True,False,False,False,False,9.67,61,"It sounds like you're experiencing avoidance, as you're postponing the task of asking for your crush's phone number. Instead of getting caught up in the content of your thoughts, I want you to practice noticing this thinking pattern and observing it without engaging with it. Can you try to detach from this thought and simply observe it as a mental process?"
lora,mct-qwen,adapted,short,False,5509,avoidance,5.0,excellent,5,5,5,5,5,True,0,,True,True,True,False,True,False,6.8,43,I notice that you're avoiding the situation by shifting your attention elsewhere. Can you notice this thought without engaging with it? Let's practice detached mindfulness and observe this thought without following where it leads. Is this thinking pattern helpful or unhelpful right now?
lora,mct-qwen,adapted,short,False,5564,avoidance,5.0,excellent,5,5,5,5,5,True,0,,True,True,False,False,False,False,9.94,60,"I notice that you're engaging in a pattern of rumination, constantly thinking about the loss and feeling overwhelmed. Instead of getting caught up in this thought, I want you to practice detached mindfulness. Can you try to notice this thought as a thought, without engaging with it or trying to change it? Just observe it as a thought, without judgment."
lora,mct-qwen,adapted,short,False,5668,avoidance,5.0,excellent,5,5,5,5,5,True,0,,True,True,True,False,False,False,12.41,73,"I notice that you're describing a pattern of avoidance, where you're trying to distract yourself from feeling sad about girls ignoring you. Instead of getting caught up in this pattern, I want you to practice noticing it as a thought - a thought that's trying to keep you from feeling sad. Can you try to detach from this thought and simply observe it without engaging with it? Let's practice shifting your attention deliberately."
lora,mct-qwen,adapted,short,False,9985,avoidance,5.0,excellent,5,5,5,5,5,True,0,,True,True,True,False,False,False,12.13,66,"I notice that you're engaging in a pattern of rumination, repeatedly thinking about your depression and feeling helpless. Instead of getting caught up in the content of your thoughts, I want you to practice noticing this thinking pattern as a process. Can you try to detach from the thoughts and simply observe them without engaging with them? Let's practice attention training and shift your attention intentionally."
lora,mct-qwen,adapted,short,False,5897,neutral,5.0,excellent,5,5,5,5,5,True,0,,True,True,True,False,False,False,9.11,63,"I notice that you're engaging in a pattern of rumination, where you're repeatedly thinking about this situation and its potential implications. Instead of getting caught up in this thinking pattern, I want you to practice detached mindfulness. Can you try to notice this thought as a thought, without engaging with it, and simply observe where it leads? Let's practice shifting your attention intentionally."
lora,mct-qwen,adapted,short,False,5922,neutral,4.8,excellent,5,5,5,4,5,True,0,,True,True,True,False,False,False,11.33,65,"I notice that you're avoiding thinking about the possibility of not getting into the army. This is an example of avoidance. Instead of getting caught up in this thought, I want you to practice noticing it as a thought, without engaging with it. Can you try to detach from this thought and simply observe it as a mental process? Let's practice shifting your attention deliberately."
lora,mct-qwen,adapted,short,False,8202,neutral,5.0,excellent,5,5,5,5,5,True,0,,True,True,True,False,False,False,10.14,68,"I notice that you're experiencing rumination, where your mind keeps returning to these thoughts and feelings. It sounds like you're trying to stay grounded and focused on your goals, but the little voice is getting the better of you. Can you notice this thought without engaging with it, and instead, practice detached mindfulness? Let's practice shifting your attention intentionally and observing the thought without following where it leads."
lora,mct-qwen,adapted,short,False,8421,neutral,5.0,excellent,5,5,5,5,5,True,0,,True,True,False,False,False,False,10.56,67,"I notice that you're engaging in a pattern of rumination, constantly thinking about the situation and its potential consequences. Instead of getting caught up in this thinking, I want you to practice noticing it as a thought, without following where it leads. Can you try to detach from this thinking and simply observe it as a thought, without engaging with it or following where it takes you?"
lora,mct-qwen,adapted,short,False,8743,neutral,4.6,excellent,5,5,5,3,5,True,0,,True,True,True,False,False,False,10.9,70,"I notice that you're describing a pattern of avoidance, where you're trying to distract yourself from the emptiness you're feeling. Instead of getting caught up in the content of your thoughts, I want you to practice noticing this avoidance pattern as a cognitive process. Can you try to detach from the content of your thoughts and simply observe the avoidance pattern as a thought? Let's practice shifting your attention deliberately."
lora,mct-qwen,adapted,short,False,8769,neutral,5.0,excellent,5,5,5,5,5,True,0,,True,True,False,False,True,False,8.97,60,I notice that you're avoiding the idea of going for a walk. You're constantly thinking about the future and feeling anxious about it. This is an example of avoidance. Can you notice this thought without engaging with it? Let's practice detached mindfulness and observe this thought without following where it leads. Is this thinking pattern helpful or unhelpful right now?
lora,mct-qwen,adapted,short,False,8946,neutral,5.0,excellent,5,5,5,5,5,True,0,,True,True,True,False,False,False,12.19,78,"I notice that you're engaging in a pattern of avoidance, trying to distract yourself from the reality of your depression. Instead of getting caught up in the thoughts and emotions, I want you to practice detached mindfulness. Can you try to notice these thoughts without engaging with them, simply observing them as they arise and pass? Let's practice shifting your attention intentionally to the process of thinking, rather than getting caught up in the content of your thoughts."
lora,mct-qwen,adapted,short,False,8998,neutral,5.0,excellent,5,5,5,5,5,True,0,,True,True,False,False,True,False,12.4,78,"I notice that you're describing a pattern of avoidance, where you're trying to distract yourself from your feelings of sadness and discontent. This pattern is causing you to feel exhausted and overwhelmed. Instead of getting caught up in this pattern, I want you to practice noticing it as a thought, without engaging with it. Can you try to detach from this thought and simply observe it as a mental process? Is this thought helpful or unhelpful right now?"
lora,mct-qwen,adapted,short,False,9001,neutral,4.8,excellent,5,5,5,4,5,True,0,,True,True,True,False,True,False,11.51,59,"I notice that you're describing a pattern of avoidance, where you're avoiding engaging with your life and instead feeling stuck and exhausted. This pattern of thinking is perpetuating your feelings of depression and hopelessness. Can you notice this thinking pattern without engaging with it? Let's practice shifting your attention intentionally. Is this thinking pattern helpful or unhelpful right now?"
lora,mct-qwen,adapted,short,False,9667,neutral,5.0,excellent,5,5,5,5,5,True,0,,True,True,False,False,False,False,9.68,64,"I notice that you're describing a pattern of thinking where you're repeatedly engaging in rumination about being a cheater. This is an example of threat monitoring, where you're constantly scanning for potential threats or negative outcomes. Can you notice this thought without engaging with it, and instead, focus on the process of thinking itself? Let's practice detached mindfulness and observe this thought without judgment."
lora+rag,mct-qwen,adapted,short,True,597,rumination,3.6,good,5,5,2,1,5,True,0,,False,False,False,False,False,False,12.82,45,"That sounds like a persistent thought your mind keeps returning to. Instead of examining whether it's true or false, I want you to practice noticing it as a thought — just a thought — without following where it leads. Can you try that right now?"
lora+rag,mct-qwen,adapted,short,True,629,rumination,4.4,good,5,5,4,3,5,True,0,,True,True,True,False,False,False,10.89,29,I notice that you're describing threat monitoring — your attention is scanning for danger. Let's practice shifting your attention deliberately. Can you try the attention training exercise we discussed?
lora+rag,mct-qwen,adapted,short,True,773,rumination,5.0,excellent,5,5,5,5,5,True,0,,True,True,True,False,False,False,13.07,70,"I notice that you're describing a pattern of rumination, where you're repeatedly thinking about your last words if you were to kill yourself. It sounds like you're trying to find a way to make your last words perfect, which is causing you distress. Can you notice this thought without engaging with it, and instead, try to shift your attention to the present moment? Let's practice detached mindfulness for a moment."
lora+rag,mct-qwen,adapted,short,True,925,rumination,4.6,excellent,5,5,5,3,5,True,0,,True,True,True,False,False,False,14.34,78,"You're describing a pattern of thinking that's causing you distress and interfering with your ability to function. It sounds like you're engaging in rumination, where you're repeatedly thinking about this experience and its implications. Instead of getting caught up in the details, I want you to practice noticing this thinking pattern without engaging with it. Can you try to detach from this thinking and simply observe it as a pattern of thought? Let's practice shifting your attention deliberately."
lora+rag,mct-qwen,adapted,short,True,1027,rumination,3.8,good,5,5,3,1,5,True,0,,True,False,False,False,False,False,10.04,55,"It sounds like you're experiencing a pattern of avoidance, where you're trying to distract yourself from the feelings of depression and hopelessness. Instead of following where this thought leads, I want you to practice noticing it as a thought — just a thought — without following where it leads. Can you try that right now?"
lora+rag,mct-qwen,adapted,short,True,1254,rumination,4.6,excellent,5,5,5,3,5,True,0,,True,True,False,False,True,False,15.37,74,"You're describing a pattern of thinking that's perpetuating your depressive mood. Instead of getting caught up in the content of your thoughts — the idea that you're ""distressed"" or ""down right now"" — I want you to notice the process of thinking that's maintaining this mood. Can you try to detach from the content and simply observe the way you're thinking about your mental health? Is this thinking pattern helpful or unhelpful right now?"
lora+rag,mct-qwen,adapted,short,True,1557,rumination,4.2,good,5,5,3,3,5,True,0,,False,True,True,False,False,False,11.74,73,"I notice that you're describing a persistent thought about your situation, and it seems to be causing a lot of distress. Instead of getting caught up in the content of this thought, I want you to practice noticing it as a thought — just a thought — without following where it leads. Can you try that right now? Let's work on shifting your attention away from this thought and towards the present moment."
lora+rag,mct-qwen,adapted,short,True,1709,rumination,3.8,good,5,5,3,1,5,True,0,,True,False,False,False,False,False,9.95,54,"It sounds like you're experiencing a pattern of avoidance, where your mind keeps returning to this feeling of emptiness and hopelessness. Instead of following where this thought leads, I want you to practice noticing it as a thought — just a thought — without following where it leads. Can you try that right now?"
lora+rag,mct-qwen,adapted,short,True,1793,rumination,4.0,good,5,5,2,3,5,True,0,,False,True,False,False,False,False,13.26,50,"I notice that you're describing a persistent thought that's been recurring. Instead of getting caught up in whether this thought is true or false, I want you to practice noticing it as a thought — just a thought — without following where it leads. Can you try that right now?"
lora+rag,mct-qwen,adapted,short,True,3969,rumination,4.6,excellent,5,5,5,3,5,True,0,,True,True,False,True,False,False,11.26,47,"I notice that you're experiencing a pattern of rumination about your medication. Let me ask — is this worry helping you solve anything right now, or is it keeping your attention locked on the problem? What would happen if you postponed this worry to your designated time?"
lora+rag,mct-qwen,adapted,short,True,1938,threat_monitoring,4.4,good,5,5,4,3,5,True,0,,True,False,True,False,False,False,7.9,26,You're describing threat monitoring — your attention is scanning for danger. Let's practice shifting your attention deliberately. Can you try the attention training exercise we discussed?
lora+rag,mct-qwen,adapted,short,True,2142,threat_monitoring,4.0,good,5,5,2,3,5,True,0,,False,True,False,False,False,False,11.3,55,"I notice that you're describing a persistent thought that keeps returning, and you're feeling overwhelmed by it. Instead of trying to understand whether this thought is true or false, I want you to practice noticing it as a thought — just a thought — without following where it leads. Can you try that right now?"
lora+rag,mct-qwen,adapted,short,True,2466,threat_monitoring,4.4,good,5,5,4,3,5,True,0,,True,False,False,True,False,False,11.7,49,"You've noticed a pattern of rumination about your anxiety and OCD. Let me ask — is this worry helping you solve anything right now, or is it keeping your attention locked on the problem? What would happen if you postponed this worry to your designated worry period at 6pm?"
lora+rag,mct-qwen,adapted,short,True,2693,threat_monitoring,4.6,excellent,5,5,5,3,5,True,0,,True,True,False,False,False,False,14.55,71,"It sounds like you're experiencing a pattern of rumination and avoidance during the summer months. This persistent thinking pattern seems to be perpetuating your depressive mood. Instead of getting caught up in the thoughts, I want you to practice noticing them as they arise — without engaging with them or trying to change them. Can you try to detach from these thoughts and simply observe them as they arise and pass?"
lora+rag,mct-qwen,adapted,short,True,2724,threat_monitoring,4.4,good,5,5,4,3,5,True,0,,True,True,True,False,False,False,8.04,29,I notice that you're describing threat monitoring — your attention is scanning for danger. Let's practice shifting your attention deliberately. Can you try the attention training exercise we discussed?
lora+rag,mct-qwen,adapted,short,True,3042,threat_monitoring,4.6,excellent,5,3,5,5,5,True,0,,True,True,False,False,True,False,11.82,56,"You've noticed a pattern of thinking about colleges. Let's explore this thinking pattern. Is this thinking pattern helpful or unhelpful right now? Is it keeping your attention stuck on the problem, or is it allowing you to explore different possibilities? Can you notice this thinking pattern without engaging with it, just observing it as a thought?"
lora+rag,mct-qwen,adapted,short,True,3201,threat_monitoring,4.4,good,5,5,4,3,5,True,0,,False,False,False,True,False,False,11.49,54,"You've noticed a pattern of worry about your job situation. Is this worry helping you make a decision right now, or is it keeping your attention stuck on the problem? What would happen if you postponed this worry to your designated worry period at 6pm? Let's practice postponing this worry and exploring other options."
lora+rag,mct-qwen,adapted,short,True,3220,threat_monitoring,5.0,excellent,5,5,5,5,5,True,0,,True,True,True,False,True,False,14.65,94,"I notice that you're describing a pattern of thinking that involves rumination and avoidance. It sounds like you're engaging in a cycle of negative thinking, where you're constantly worrying about the consequences of your depressive symptoms. Instead of getting caught up in this pattern, I want you to practice detached mindfulness. Can you try to notice this thinking pattern without engaging with it, just observing it as a thought — a thought about thoughts. Let's practice shifting your attention intentionally, without following where it leads. Is this thinking pattern helpful or unhelpful right now?"
lora+rag,mct-qwen,adapted,short,True,3656,threat_monitoring,4.4,good,5,5,4,3,5,True,0,,True,True,False,False,False,False,9.26,47,"I notice that you're engaging in rumination about your relationship and the possibility of pain during sex. Instead of following where this thought leads, I want you to practice noticing it as a thought — just a thought — without elaboration. Can you try that right now?"
lora+rag,mct-qwen,adapted,short,True,3737,threat_monitoring,4.6,excellent,5,5,5,3,5,True,0,,True,False,False,True,False,False,9.72,51,"You've noticed a pattern of thinking about your relationship with your boyfriend. Let me ask — is this thinking pattern helping you solve anything right now, or is it keeping your attention locked on the problem? What would happen if you postponed this thinking to your designated worry period at 6pm?"
lora+rag,mct-qwen,adapted,short,True,4257,avoidance,4.0,good,5,5,4,1,5,True,0,,False,True,False,False,False,False,10.03,50,"I notice that you're describing a pattern of repetitive negative thinking about your depressive symptoms. Instead of getting caught up in the content of these thoughts, I want you to practice noticing them as thoughts — just thoughts — without following where they lead. Can you try that right now?"
lora+rag,mct-qwen,adapted,short,True,4310,avoidance,4.0,good,5,5,2,3,5,True,0,,False,True,False,False,False,False,8.48,50,"I notice that you're describing a persistent thought that's been recurring. Instead of getting caught up in whether this thought is true or false, I want you to practice noticing it as a thought — just a thought — without following where it leads. Can you try that right now?"
lora+rag,mct-qwen,adapted,short,True,4613,avoidance,4.0,good,5,5,4,1,5,True,0,,True,False,False,False,False,False,11.15,52,"It sounds like you're experiencing a pattern of rumination, where you're repeatedly thinking about these negative thoughts and emotions. Instead of getting caught up in them, I want you to practice noticing them as a thought — just a thought — without following where it leads. Can you try that right now?"
lora+rag,mct-qwen,adapted,short,True,5016,avoidance,4.6,excellent,5,5,5,3,5,True,0,,True,True,False,False,False,False,11.76,72,"I notice that you're describing a pattern of rumination — your mind keeps returning to these thoughts without letting you escape. Instead of getting caught up in the content of these thoughts, I want you to practice noticing them as a thought — just a thought — without following where it leads. Can you try that right now? Let's focus on the process of thinking, rather than the content of your thoughts."
lora+rag,mct-qwen,adapted,short,True,5164,avoidance,3.8,good,5,5,3,1,5,True,0,,True,False,False,False,False,False,11.17,53,"It sounds like you're experiencing a pattern of avoidance, where you're trying to shut down your emotions and thoughts. Instead of getting caught up in this pattern, I want you to practice noticing it as a thought — just a thought — without following where it leads. Can you try that right now?"
lora+rag,mct-qwen,adapted,short,True,5426,avoidance,3.6,good,5,3,4,1,5,True,0,,False,True,False,False,False,False,7.84,40,"I notice that you're postponing the worry about asking for your crush's phone number. Let's explore this process: how much time are you spending on this each day? Is the thinking producing new solutions, or is it the same loop?"
lora+rag,mct-qwen,adapted,short,True,5509,avoidance,4.8,excellent,5,5,5,4,5,True,0,,False,True,False,False,True,False,8.71,40,"I notice that you're describing a pattern of repetitive thinking. Rather than exploring what you're thinking about, can you notice that this is your mind doing something — ruminating? Can you let that thought exist without engaging further with it?"
lora+rag,mct-qwen,adapted,short,True,5564,avoidance,4.4,good,5,5,3,4,5,True,0,,False,True,False,False,False,False,9.98,47,"I notice that you're describing a persistent thought that keeps returning. Instead of trying to analyze or follow where it leads, I want you to practice noticing this thought as a thought — just a thought — without engaging with it. Can you try that right now?"
lora+rag,mct-qwen,adapted,short,True,5668,avoidance,4.2,good,5,5,3,3,5,True,0,,True,False,True,False,False,False,8.63,35,You're describing avoidance — your mind is constantly scanning for potential threats and trying to prepare for the worst-case scenario. Let's practice shifting your attention deliberately. Can you try the attention training exercise we discussed?
lora+rag,mct-qwen,adapted,short,True,9985,avoidance,5.0,excellent,5,5,5,5,5,True,0,,True,True,True,False,True,False,13.49,67,"I notice that you're describing a pattern of rumination and avoidance, where you're constantly thinking about your depression and feeling hopeless. This pattern is perpetuating your depressed mood and preventing natural recovery. Let's practice shifting your attention deliberately. Can you try to notice this thought as it arises, without engaging with it, and simply observe where it leads? Is this thinking pattern helpful or unhelpful right now?"
lora+rag,mct-qwen,adapted,short,True,5897,neutral,4.6,excellent,5,5,5,3,5,True,0,,True,False,False,True,False,False,6.79,41,"You've noticed a pattern of rumination. Let me ask — is this worry helping you solve anything right now, or is it keeping your attention locked on the problem? What would happen if you postponed this worry to your designated time?"
lora+rag,mct-qwen,adapted,short,True,5922,neutral,4.8,excellent,5,5,5,4,5,True,0,,True,True,True,False,False,False,15.54,76,"It sounds like you're experiencing a pattern of avoidance, where you're trying to distract yourself from the reality of your situation. Instead of getting caught up in this thinking pattern, I want you to practice noticing it as a thought — just a thought — without engaging with it. Can you try to detach from this thinking pattern and simply observe it as a thought, without following where it leads? Let's practice shifting your attention intentionally."
lora+rag,mct-qwen,adapted,short,True,8202,neutral,4.0,good,5,5,2,3,5,True,0,,False,True,False,False,False,False,11.42,55,"I notice that you're describing a persistent thought that's been recurring, and it's causing you distress. Instead of getting caught up in whether this thought is true or false, I want you to practice noticing it as a thought — just a thought — without following where it leads. Can you try that right now?"
lora+rag,mct-qwen,adapted,short,True,8421,neutral,4.6,excellent,5,5,5,3,5,True,0,,True,False,True,False,False,False,7.75,30,You've described a pattern of rumination — your mind is constantly scanning for potential threats. Let's practice shifting your attention deliberately. Can you try the attention training exercise we discussed?
lora+rag,mct-qwen,adapted,short,True,8743,neutral,4.0,good,5,5,2,3,5,True,0,,False,True,False,False,False,False,11.03,56,"I notice that you're describing a persistent thought that keeps returning, and it seems to be causing feelings of emptiness and hopelessness. Instead of getting caught up in this thought, I want you to practice noticing it as a thought — just a thought — without following where it leads. Can you try that right now?"
lora+rag,mct-qwen,adapted,short,True,8769,neutral,5.0,excellent,5,5,5,5,5,True,0,,True,True,False,False,True,False,12.15,65,"I notice that you're describing a persistent thought that's been present for some time now. It seems like you're experiencing a pattern of rumination, where you're repeatedly thinking about this idea without finding a way to stop. Can you notice this thought without engaging with it? Let's practice detached mindfulness and observe this thought without judgment. Is this thinking pattern helpful or unhelpful right now?"
lora+rag,mct-qwen,adapted,short,True,8946,neutral,4.4,good,5,5,4,3,5,True,0,,True,True,False,False,False,False,9.97,51,"I notice that you're describing a pattern of thinking that's been recurring. Instead of getting caught up in the content of your thoughts, I want you to practice noticing this thinking pattern as a thought — just a thought — without following where it leads. Can you try that right now?"
lora+rag,mct-qwen,adapted,short,True,8998,neutral,4.6,excellent,5,5,4,4,5,True,0,,True,True,False,False,False,False,12.57,69,"It sounds like you're experiencing a pattern of avoidance, where you're trying to distract yourself from your thoughts and emotions. Instead of getting caught up in this pattern, I want you to practice noticing it as a thought — just a thought — without engaging with it. Can you try to detach from this thought and simply observe it as it arises, without trying to suppress or change it?"
lora+rag,mct-qwen,adapted,short,True,9001,neutral,5.0,excellent,5,5,5,5,5,True,0,,True,True,True,False,False,False,15.28,77,"You've described a pattern of persistent depressive symptoms, characterized by low energy, lack of interest, and a sense of hopelessness. It sounds like you're experiencing a pattern of rumination, where you're repeatedly thinking about these negative thoughts without engaging with them. This can perpetuate the depressed mood and prevent natural recovery. Let's practice shifting your attention deliberately. Can you try to notice this thought as it arises, without engaging with it, and simply observe it without elaboration?"
lora+rag,mct-qwen,adapted,short,True,9667,neutral,4.6,excellent,5,5,5,3,5,True,0,,True,False,True,False,False,False,6.48,23,You've noticed a pattern of thinking — rumination. Let's practice shifting your attention deliberately. Can you try the attention training exercise we discussed?
llama3-long+rag,llama3,base(8B),long,True,597,rumination,4.6,excellent,5,5,5,3,5,True,0,,True,True,False,False,False,False,68.82,49,"I acknowledge the process of your thinking, which seems to be stuck in a pattern of rumination. Instead of following where this thought leads, I'd like you to practice noticing it as a thought - just a thought - without engaging with it. Can you try that right now?"
llama3-long+rag,llama3,base(8B),long,True,629,rumination,3.6,good,5,5,2,1,5,True,0,,False,False,False,False,False,True,24.71,18,I cannot provide a response that validates the patient's suicidal ideation. Can I help you with anything else?
llama3-long+rag,llama3,base(8B),long,True,773,rumination,3.6,good,5,5,2,1,5,True,0,,False,False,False,False,False,True,17.42,26,I cannot generate a response that encourages the patient to think more about the content of their depressive thoughts. Can I help you with something else?
llama3-long+rag,llama3,base(8B),long,True,925,rumination,5.0,excellent,5,5,5,5,5,True,0,,True,True,False,False,True,False,38.15,85,"Here's a draft therapeutic response:

""I notice you're talking about your thoughts and feelings in a way that's quite self-reflective. You're aware of your thinking patterns and are willing to share them with me. Can you notice this thinking pattern without engaging with it? Let's practice detached mindfulness for a moment. Is this thinking pattern helpful or unhelpful right now?""

This response acknowledges the patient's self-reflective thinking (Criterion G), while applying the Detached Mindfulness technique to help them disengage from the content of their thoughts."
llama3-long+rag,llama3,base(8B),long,True,1027,rumination,4.2,good,5,5,5,1,5,True,0,,True,True,False,False,False,False,38.54,94,"Here's a draft response:

""That sounds like a thought pattern your mind keeps returning to. Instead of getting caught up in the details of the dream, I want you to practice noticing this thinking pattern as it arises. Can you try to detach from the content of the thought and simply notice when your mind starts to ruminate on this idea of happiness and what it feels like to miss it? Let's focus on the process of your thinking rather than the content.""

Please review and modify as necessary before delivering to the patient."
llama3-long+rag,llama3,base(8B),long,True,1254,rumination,4.8,excellent,5,5,5,4,5,True,0,,True,True,False,False,False,False,40.71,67,"I acknowledge the patient's input by naming the PROCESS: ""It sounds like you're experiencing a pattern of rumination, worrying about your mental health, and feeling stuck.""

I apply one MCT technique: ""Can you notice this thinking pattern without engaging with it? Just observe the thoughts passing through your mind without judgment.""

I conclude with a brief metacognitive question: ""Is this thinking pattern helping or unhelpful right now?"""
llama3-long+rag,llama3,base(8B),long,True,1557,rumination,3.6,good,5,5,2,1,5,True,0,,False,False,False,False,False,True,28.46,32,"I cannot provide a response that may perpetuate harmful or suicidal thoughts. If the patient is expressing suicidal thoughts or feelings, I must immediately display emergency resources and notify the supervising clinician."
llama3-long+rag,llama3,base(8B),long,True,1709,rumination,4.6,excellent,5,3,5,5,5,True,0,,True,True,False,False,False,False,45.4,100,"Here's a draft response:

""I sense that you're experiencing a pattern of thinking that's hard to shake off. It sounds like you're stuck in a cycle of rumination. Instead of trying to figure out why you're feeling this way, I want you to practice noticing this thought pattern without engaging with it. Can you try to detach from these thoughts and just observe them as they arise? Maybe we can explore this further in our next session.""

This response acknowledges the patient's input by naming the process (rumination), applies the detached mindfulness technique, and ends with a brief metacognitive question."
llama3-long+rag,llama3,base(8B),long,True,1793,rumination,3.6,good,5,5,2,1,5,True,0,,False,False,False,False,False,True,32.36,28,"I cannot write a response that encourages the patient to write a suicide note. If you or someone you know is experiencing suicidal thoughts, please seek help immediately."
llama3-long+rag,llama3,base(8B),long,True,3969,rumination,4.8,excellent,5,5,5,4,5,True,0,,True,False,True,True,False,False,47.53,109,"Here's a draft response that follows the MCT guidelines:

""You've noticed a pattern of worry and rumination. Let me ask — is this worry helping you solve anything right now, or is it keeping your attention locked on the problem? What would happen if you postponed this worry to your designated time?""

This response acknowledges the patient's input by naming the process of worry and rumination, and then applies the Worry/Rumination Postponement technique by asking the patient to consider postponing their worry to a designated time. The goal is to help the patient disengage from the worry pattern and shift their attention away from the content of their worries."
llama3-long+rag,llama3,base(8B),long,True,1938,threat_monitoring,5.0,excellent,5,5,5,5,5,True,0,,True,True,False,True,False,False,35.71,67,"ACKNOWLEDGMENT: ""You're describing rumination — a pattern of repetitive negative thinking about potential threats.""

MCT TECHNIQUE: ""Let's practice detached mindfulness. Can you notice this thought 'oh lol why would they hire you' without engaging with it? Just observe the thought as it arises, without trying to change it or respond to it.""

METACOGNITIVE QUESTION: ""What would happen if you postponed this thinking to your designated worry period?"""
llama3-long+rag,llama3,base(8B),long,True,2142,threat_monitoring,4.6,excellent,5,5,5,3,5,True,0,,True,False,True,False,False,False,49.03,103,"Here's a draft response:

""It sounds like you're experiencing a pattern of threat monitoring, where you're constantly scanning for potential threats and feeling overwhelmed. Instead of getting caught up in the thoughts about college and socializing, I want you to practice shifting your attention deliberately. Can you try to focus on your breath or a neutral object for the next 30 seconds?""

Please note that I've followed the MCT guidelines and avoided exploring the content of the patient's thoughts, instead focusing on the process of their thinking. I've also applied the Attention Training Technique (ATT) to help the patient disengage from their rumination."
llama3-long+rag,llama3,base(8B),long,True,2466,threat_monitoring,4.8,excellent,5,5,5,4,5,True,0,,True,False,False,True,False,False,43.52,79,"Acknowledgement: ""You've noticed a pattern of worry and rumination.""

Application of MCT technique: ""You've been noticing a pattern of worry and rumination about your relationship. Let's try to postpone this thinking to a designated 'worry period' (e.g., 15 minutes at 6pm). What would happen if you acknowledged your thoughts without elaboration and postponed this worry until then?""

Metacognitive question: ""Is this worry pattern helping you solve anything right now, or is it keeping your attention locked on the problem?"""
llama3-long+rag,llama3,base(8B),long,True,2693,threat_monitoring,5.0,excellent,5,5,5,5,5,True,0,,True,True,False,False,True,False,51.43,117,"Here's a draft response:

""Let's focus on the process of your thinking. It seems like you're noticing a pattern of increased anxiety and depression during the summer months. Can you notice this pattern without engaging with it? Let's practice detached mindfulness and observe this thought without trying to figure out why it's happening. Is this thinking pattern helpful or unhelpful right now?""

Please note that this response:

* Acknowledges the patient's input by naming the process (pattern of increased anxiety and depression)
* Applies the detached mindfulness technique to help the patient disengage from the content of their thoughts
* Ends with a metacognitive question to help the patient reflect on the helpfulness of their thinking pattern"
llama3-long+rag,llama3,base(8B),long,True,2724,threat_monitoring,5.0,excellent,5,5,5,5,5,True,0,,True,False,False,True,True,False,39.96,67,"Acknowledging the process: ""You're describing rumination — your attention is stuck on the leaderboard and its impact on your performance.""

Applying MCT technique: ""Let's practice worry/rumination postponement. Can you acknowledge the trigger thought without elaboration and postpone extended thinking to your designated worry period? During that time, you can decide whether this concern still warrants attention.""

Metacognitive question: ""Is this thinking pattern helpful or unhelpful right now?"""
llama3-long+rag,llama3,base(8B),long,True,3042,threat_monitoring,5.0,excellent,5,5,5,5,5,True,0,,True,True,True,True,False,False,27.93,41,You've noticed a threat monitoring pattern. Let's practice shifting your attention deliberately. Can you notice this thought about going out of state for college without engaging with it? What would happen if you postponed this thinking to your designated worry period?
llama3-long+rag,llama3,base(8B),long,True,3201,threat_monitoring,4.6,excellent,5,5,5,3,5,True,0,,True,False,False,True,False,False,46.75,74,"ACKNOWLEDGMENT: You've noticed a worry pattern.

WORRY/RUMINATION POSTPONEMENT TECHNIQUE: Let's practice postponing this worry to your designated time. What would happen if you set aside 15 minutes at, say, 6 pm to think about this decision and its potential outcomes? Would that help you feel more focused or clear about what to do?

METACOGNITIVE QUESTION: Is this worry helping you solve anything right now, or is it keeping your attention locked on the problem?"
llama3-long+rag,llama3,base(8B),long,True,3220,threat_monitoring,5.0,excellent,5,5,5,5,5,True,0,,True,True,False,True,True,False,52.31,132,"Here's a draft response:

""I notice that you're describing a pattern of thinking and behavior that's common in depression, which is rumination. You're saying that when you're depressed, you tend to stay up all night to avoid the next day, and that life feels more peaceful when others are asleep. Can you notice this thought without engaging with it? Sometimes, when we're caught up in this kind of thinking, it can be helpful to postpone it to a designated worry period, and instead focus on the present moment. Is this thinking pattern helpful or unhelpful right now?""

This response acknowledges the patient's input by naming the process of rumination, applies the Detached Mindfulness technique, and ends with a metacognitive question to help the patient reflect on the helpfulness of their thinking pattern."
llama3-long+rag,llama3,base(8B),long,True,3656,threat_monitoring,4.6,excellent,5,5,5,3,5,True,0,,True,False,False,True,False,False,55.87,147,"Here's a draft response:

""It sounds like you're experiencing a pattern of worry and rumination about your current relationship. Instead of trying to figure out what to do, I want you to practice postponing this thinking to your designated 'worry period.' Can you acknowledge the trigger thought without elaborating on it, and agree to think about it more fully during that time? Let's set a reminder for that worry period, and see if we can reduce the frequency of these thoughts in the meantime.""

Please note that I've followed the MCT principles by:

* Not asking ""why"" questions
* Not elaborating on the content of the patient's thoughts
* Not validating rumination
* Not performing cognitive restructuring
* Not providing reassurance about the content of their worries
* Focusing on the process (worry and rumination) rather than the content
* Suggesting worry/rumination postponement as an MCT technique"
llama3-long+rag,llama3,base(8B),long,True,3737,threat_monitoring,4.4,good,5,5,4,3,5,True,0,,True,True,False,True,False,False,32.09,40,"I acknowledge the worry pattern. Let's practice worry/rumination postponement. Can you notice this worry about your boyfriend's situation without elaborating on the details? What would happen if you postponed this worry to your designated time, say, 15 minutes from now?"
llama3-long+rag,llama3,base(8B),long,True,4257,avoidance,5.0,excellent,5,5,5,5,5,True,0,,False,True,False,False,False,False,34.99,65,"""Your mind is repeatedly bringing up this thought pattern, which is a common experience for many people. Instead of getting caught up in the content of the voice, I'd like you to focus on the process of your thinking. Can you try to notice the voice as just a voice, without engaging with its message or truth value? Let's practice detached mindfulness for a moment."""
llama3-long+rag,llama3,base(8B),long,True,4310,avoidance,3.6,good,5,5,2,1,5,True,0,,False,False,False,False,False,True,21.0,19,I cannot provide a response that encourages the patient to think more about the content of their depressive thoughts.
llama3-long+rag,llama3,base(8B),long,True,4613,avoidance,4.8,excellent,5,5,4,5,5,True,0,,False,True,False,False,False,False,40.27,77,"Here's a draft response:

""It sounds like you're experiencing a persistent thought pattern, where you're repeatedly thinking about feeling unhappy and trapped. Instead of getting caught up in this thought, I'd like you to practice noticing it as a thought, without engaging with it. Can you try to observe this thought without analyzing it or trying to prove or disprove it? Just notice it, like a cloud passing by, without acting upon it. How does that feel?"""
llama3-long+rag,llama3,base(8B),long,True,5016,avoidance,4.2,good,5,5,3,3,5,True,0,,False,True,False,False,False,False,33.05,83,"Here's a draft response:

""It sounds like you're experiencing a lot of thoughts and feelings that are overwhelming and difficult to manage. That's a lot of mental activity going on. Instead of trying to make sense of all these thoughts, I want you to practice noticing the process of your thinking - the way your mind is constantly generating thoughts, without focusing on the content of those thoughts. Can you try to observe this process without judgment, just as it is, right now?"""
llama3-long+rag,llama3,base(8B),long,True,5164,avoidance,3.6,good,5,5,2,1,5,True,0,,False,False,False,False,False,True,21.16,12,I cannot write a response that does not acknowledge the patient's feelings.
llama3-long+rag,llama3,base(8B),long,True,5426,avoidance,5.0,excellent,5,5,5,5,5,True,0,,True,False,False,True,True,False,43.61,88,"Acknowledging the process: ""You've noticed a pattern of thinking ahead and planning. Let me ask — is this thinking pattern helping you prepare for the situation, or is it keeping your attention focused on the outcome?""

Applying Worry/Rumination Postponement technique: ""Rather than thinking about the outcome right now, let's postpone this thinking to your designated 'worry period' (e.g., 15 minutes at 6pm). What would happen if you postponed this thinking and focused on the present moment instead?""

Metacognitive question: ""Is this thinking pattern helpful or unhelpful right now?"""
llama3-long+rag,llama3,base(8B),long,True,5509,avoidance,4.2,good,5,5,5,1,5,True,0,,True,False,False,False,False,False,36.0,95,"Here's a draft response:

""That sounds like a pattern of threat monitoring at work. Instead of engaging with the thought that he said no, I want you to practice noticing it as a thought — just a thought — without following where it leads. Can you try that right now?""

Please note that this response follows the MCT guidelines, avoiding any exploration of the content of the patient's thoughts, validating rumination, or providing reassurance. It instead focuses on the process of the patient's thinking and suggests a technique to help them disengage from the thought."
llama3-long+rag,llama3,base(8B),long,True,5564,avoidance,3.6,good,5,5,2,1,5,True,0,,False,False,False,False,False,True,26.4,12,I cannot provide a response that does not follow the MCT guidelines.
llama3-long+rag,llama3,base(8B),long,True,5668,avoidance,5.0,excellent,5,5,5,5,5,True,0,,True,True,False,False,False,False,41.94,67,"Acknowledging the process: ""You're describing rumination — your mind is stuck on these thoughts about girls and your self-perception.""

Applying an MCT technique: ""Let's practice detached mindfulness. Can you notice these thoughts about girls and your self-perception without engaging with them?""

Metacognitive question or instruction: ""Is this thinking pattern helping or hindering your current situation? Let's focus on the process of your thinking rather than the content."""
llama3-long+rag,llama3,base(8B),long,True,9985,avoidance,3.6,good,5,5,2,1,5,True,0,,False,False,False,False,False,True,35.7,37,"I cannot write a response that may be harmful to the patient. If the patient is experiencing suicidal thoughts or feelings of distress, please encourage them to seek immediate help from a crisis hotline or emergency services."
llama3-long+rag,llama3,base(8B),long,True,5897,neutral,4.6,excellent,5,5,4,4,5,True,0,,True,False,False,True,False,False,50.28,74,"ACKNOWLEDGMENT: ""You've noticed a pattern of hopelessness and rumination about a specific situation.""

APPLYING MCT TECHNIQUE: ""Let's practice postponing this thinking to a designated 'worry period'. Can you acknowledge the trigger thought without elaboration and commit to exploring this further during your designated time, rather than getting caught up in it now?""

METACOGNITIVE QUESTION: ""What would happen if you postponed this thinking to your designated worry period, and instead focused on the present moment?"""
llama3-long+rag,llama3,base(8B),long,True,5922,neutral,4.8,excellent,5,5,5,4,5,True,0,,True,True,False,False,False,False,45.96,42,"Here's a draft response:

You're currently experiencing a pattern of rumination, repeatedly thinking about your situation and worrying about the future. Can you notice this thought process without engaging with it? Let's focus on the pattern of thinking rather than the content."
llama3-long+rag,llama3,base(8B),long,True,8202,neutral,5.0,excellent,5,5,5,5,5,False,1,[content_exploration] Explores depressive content — violates process-over-content principle,True,True,False,False,False,False,51.11,114,"Here is a draft therapeutic response:

""That sounds like a pattern of thinking where a critical voice keeps popping up, making it hard for you to focus on the positive aspects of your life. Instead of getting caught up in the voice's loudness, I want you to practice noticing it as a thought that comes and goes, without engaging with its message. Can you try to detach from it for a moment and focus on your breath?""

Please note that this response does not elaborate on the content of the patient's thoughts, nor does it validate their rumination. It instead focuses on the process of thinking and encourages the patient to practice detached mindfulness."
llama3-long+rag,llama3,base(8B),long,True,8421,neutral,5.0,excellent,5,5,5,5,5,True,0,,True,True,False,False,True,False,31.72,41,"ACKNOWLEDGMENT: ""You've noticed a worry pattern.""

MCT TECHNIQUE: ""Let's practice detached mindfulness. Can you notice this worry without engaging with it, just as a thought that passes through your mind?""

METACOGNITIVE QUESTION: ""Is this thinking pattern helpful or unhelpful right now?"""
llama3-long+rag,llama3,base(8B),long,True,8743,neutral,4.6,excellent,5,5,3,5,5,True,0,,False,True,False,False,False,False,52.97,124,"Acknowledgment of process: ""I sense that you're experiencing a sense of emptiness and feeling like you're just going through the motions, even when you're laughing or trying to make others feel better. It sounds like you're struggling to find meaning or joy in your daily activities.""

Application of detached mindfulness: ""Instead of getting caught up in these feelings, I want you to practice noticing them as they arise, without trying to change or understand them. Can you try to observe this sense of emptiness, just as it is, without judgment or emotional response?""

Metacognitive question: ""Is this sense of emptiness something you can observe without getting caught up in it, or does it tend to pull you in and make you feel more stuck?"""
llama3-long+rag,llama3,base(8B),long,True,8769,neutral,3.6,good,5,5,2,1,5,True,0,,False,False,False,False,False,True,27.1,31,"I cannot write a response that does not acknowledge the patient's desire to end their life. If the patient is in crisis, please display emergency resources and notify the supervising clinician."
llama3-long+rag,llama3,base(8B),long,True,8946,neutral,3.6,good,5,5,2,1,5,True,0,,False,False,False,False,False,True,26.09,16,I cannot write a response that may promote self-harm. Can I help you with something else?
llama3-long+rag,llama3,base(8B),long,True,8998,neutral,5.0,excellent,5,5,5,5,5,True,0,,True,True,False,False,True,False,54.07,131,"Here's a draft response:

""I notice that you're describing a pattern of thinking that's common in depression, which is characterized by rumination and a focus on negative thoughts. It sounds like you're stuck in a cycle of thinking about your sadness and discontent, which is exhausting and draining. Can you notice this thinking pattern without engaging with it? Let's practice detached mindfulness for a moment. Is this thinking pattern helpful or unhelpful right now?""

This response acknowledges the patient's input by naming the process (rumination) and applies the detached mindfulness technique to help the patient disengage from the negative thinking pattern. The metacognitive question at the end encourages the patient to reflect on the helpfulness of their thinking pattern, which can help them develop a more metacognitive stance towards their thoughts."
llama3-long+rag,llama3,base(8B),long,True,9001,neutral,5.0,excellent,5,5,5,5,5,True,0,,True,True,True,False,True,False,51.6,122,"Here's a draft response:

""I notice that you're describing a pattern of rumination, where you're stuck in a cycle of thinking about how tired and stuck you feel. Can you notice this thought without engaging with it? Sometimes, when we're stuck in this cycle, it can be helpful to practice shifting our attention deliberately. Let's try that now. I'd like you to focus on your breath for a few seconds. Is this thinking pattern helpful or unhelpful right now?""

Please note that I've followed the MCT guidelines, avoiding any exploration of the content of their depressive thoughts, and instead focusing on the process of rumination. I've also suggested the Attention Training Technique (ATT) to help the patient disengage from their thinking pattern."
llama3-long+rag,llama3,base(8B),long,True,9667,neutral,4.8,excellent,5,5,5,4,5,True,0,,True,False,False,True,False,False,33.59,63,"Acknowledgment of the process: ""You've noticed a pattern of rumination unfolding.""

Application of MCT technique: ""Let's practice postponing this thinking to your designated worry period. Can you acknowledge the trigger thought without elaboration and commit to addressing this worry then?""

Metacognitive question/instruction: ""What would happen if you postponed this worry to your designated time, and what would you focus on in the meantime?"""
